<?xml version="1.0" encoding="UTF-8"?>

<window>

	<defaultcontrol always="true">12</defaultcontrol>
	
	<controls>
	
		<!--all content-->
		<control type="group">
			<left>-265</left>
			<visible>!Window.IsActive(FileBrowser) + !Window.IsVisible(MusicInformation)</visible>
			<animation effect="slide" start="1650,0" end="0,0" time="400" tween="quadratic" easing="out">WindowOpen</animation>
			<animation effect="slide" start="0,0" end="-1650,0" time="400" tween="quadratic" easing="out">WindowClose</animation>
			
			<animation effect="slide" start="1650,0" end="0,0" time="400" tween="quadratic" easing="out">Visible</animation>
			<animation effect="slide" start="0,0" end="-1650,0" time="400" tween="quadratic" easing="out">Hidden</animation>
			
			<animation effect="slide" start="0,0" end="-125,0" time="300" condition="Window.IsActive(ShutdownMenu)">Conditional</animation>
			
			<!--title bars and backgrounds-->
			<control type="group">
			
				<!--background-->
				<control type="image">
					<left>535</left>
					<top>0</top>
					<width>1390</width>
					<height>1080</height>
					<texture colordiffuse="tertiary">backgrounds/white.png</texture>
				</control>
				
				<!-- left shadow-->
				<control type="image">
					<left>505</left>
					<top>0</top>
					<width>30</width>
					<height>1080</height>
					<texture flipx="true">sidebarshadow.png</texture>
				</control>
				
				<!--right shadow-->
				<control type="image">
					<left>1925</left>
					<top>0</top>
					<width>30</width>
					<height>1080</height>
					<texture>sidebarshadow.png</texture>
				</control>
					
				<!--title background-->
				<control type="image">
					<left>535</left>
					<top>0</top>
					<width>1390</width>
					<height>120</height>
					<texture background="true" colordiffuse="$VAR[Colour.500]">backgrounds/white.png</texture>
				</control>
					
				<!--button background-->
				<control type="image">
					<left>535</left>
					<top>120</top>
					<width>1390</width>
					<height>80</height>
					<texture background="true" colordiffuse="$VAR[Colour.900]">backgrounds/white.png</texture>
				</control>
			
				<!--title shadow-->
				<control type="image">
					<left>535</left>
					<top>120</top>
					<width>1390</width>
					<height>20</height>
					<texture>homeshadow.png</texture>
					<animation effect="fade" start="100" end="75" time="0" condition="true">Conditional</animation>
				</control>
				
				<!--close window button-->
				<control type="button">
					<left>540</left>
					<top>0</top>
					<width>50</width>
					<height>25</height>
					<label>-</label>
					<font>-</font>
					<onclick>PreviousMenu</onclick>
					<texturefocus>DialogCloseButton-focus.png</texturefocus>
					<texturenofocus>DialogCloseButton.png</texturenofocus>
					<onleft>9000</onleft>
					<onright>9000</onright>
					<onup>9000</onup>
					<ondown>9000</ondown>
					<visible>system.getbool(input.enablemouse)</visible>
				</control>
				
			</control>
			
			<!--titles-->
			<control type="group">
				
				<!--title-->
				<control type="label">
					<left>580</left>
					<top>25</top>
					<width>1330</width>
					<height>60</height>
					<font>info.title</font>
					<align>left</align>
					<aligny>center</aligny>
					<textcolor>white</textcolor>
					<label>$INFO[ListItem.Title]</label>
				</control>
								
			</control>
			
			<!--main content-->
			<control type="group">
				
				<!--controls-->
				<control type="grouplist" id="9000">
					<left>535</left>
					<top>130</top>
					<width>1390</width>
					<height>60</height>
					<align>justify</align>
					<orientation>horizontal</orientation>
					<onleft>9000</onleft>
					<onright>9000</onright>
					<onup>49</onup>
					<ondown>49</ondown>
					
					<!--album info button-->
					<include name="AnimatedCircleButtonGroup">
						<param name="button-id" value="12" />
						<param name="button-width" value="270" />
						<param name="button-texture" value="tunebutton" />
						<param name="button-colormain" value="white" />
						<param name="button-coloralt" value="$VAR[Colour.900]" />
						<param name="button-coloranim" value="white" />
						<param name="button-label" value="10523" />
						<param name="button-onup" value="49" />
						<param name="button-ondown" value="49" />
						<param name="button-onleft" value="7" />
						<param name="button-onright" value="13" />
					</include>
					
					<!--art button-->
					<include name="AnimatedCircleButtonGroup">
						<param name="button-id" value="13" />
						<param name="button-width" value="180" />
						<param name="button-texture" value="artbutton" />
						<param name="button-colormain" value="white" />
						<param name="button-coloralt" value="$VAR[Colour.900]" />
						<param name="button-coloranim" value="white" />
						<param name="button-label" value="13511" />
						<param name="button-onup" value="49" />
						<param name="button-ondown" value="49" />
						<param name="button-onleft" value="12" />
						<param name="button-onright" value="7" />
					</include>
					
					<!--rating button-->
					<include name="AnimatedCircleButtonGroup">
						<param name="button-id" value="7" />
						<param name="button-width" value="200" />
						<param name="button-texture" value="ratingbutton" />
						<param name="button-colormain" value="white" />
						<param name="button-coloralt" value="$VAR[Colour.900]" />
						<param name="button-coloranim" value="white" />
						<param name="button-label" value="38023" />
						<param name="button-onup" value="49" />
						<param name="button-ondown" value="49" />
						<param name="button-onleft" value="13" />
						<param name="button-onright" value="12" />
					</include>
					
				</control>	
							
				<!--song thumb-->
				<control type="image">
					<left>575</left>
					<top>220</top>
					<width>490</width>
					<height>460</height>
					<aspectratio aligny="top">keep</aspectratio>
					<texture background="true">$INFO[ListItem.Icon]</texture>
				</control>
		
				<!--buttons shadow-->
				<control type="image">
					<left>535</left>
					<top>200</top>
					<width>1390</width>
					<height>10</height>
					<texture>homeshadow.png</texture>
					<animation effect="fade" start="100" end="75" time="0" condition="true">Conditional</animation>
				</control>
				
				<control type="group">
					<top>220</top>
					<left>535</left>
					<include>VisibleFadeEffect</include>
					
					<control type="image">
						<left>40</left>
						<top>0</top>
						<width>490</width>
						<height>460</height>
						<aspectratio aligny="top">keep</aspectratio>
						<texture background="true">$INFO[ListItem.Icon]</texture>
					</control>
					
					<control type="list" id="49">
						<left>570</left>
						<top>30</top>
						<width>1110</width>
						<height>495</height>
						<onleft>49</onleft>
						<onright>49</onright>
						<onup>9000</onup>
						<ondown>9000</ondown>
						<pagecontrol>-</pagecontrol>
						<scrolltime>200</scrolltime>
						
						<itemlayout height="35">
						
							<control type="label">
								<left>20</left>
								<top>0</top>
								<width>120</width>
								<height>35</height>
								<font>secondary.info</font>
								<align>left</align>
								<aligny>center</aligny>
								<textcolor>$VAR[Colour.500]</textcolor>
								<selectedcolor>selected</selectedcolor>
								<info>ListItem.Label</info>
							</control>
							
							<control type="label">
								<left>150</left>
								<top>0</top>
								<width>640</width>
								<height>35</height>
								<font>secondary.info</font>
								<align>left</align>
								<aligny>center</aligny>
								<textcolor>text.primary</textcolor>
								<selectedcolor>text.primary</selectedcolor>
								<info>ListItem.Label2</info>
							</control>
							
						</itemlayout>
						
						<focusedlayout height="35">
						
							<control type="image">
								<left>-3</left>
								<top>8</top>
								<width>20</width>
								<height>20</height>
								<visible>Control.HasFocus(49)</visible>
								<texture colordiffuse="$VAR[Colour.500]">buttons/buttoncircle.png</texture>
							</control>
							
							<control type="label">
								<left>20</left>
								<top>0</top>
								<width>120</width>
								<height>35</height>
								<font>secondary.info</font>
								<align>left</align>
								<aligny>center</aligny>
								<textcolor>$VAR[Colour.500]</textcolor>
								<selectedcolor>selected</selectedcolor>
								<info>ListItem.Label</info>
							</control>
							
							<control type="label">
								<left>150</left>
								<top>0</top>
								<width>640</width>
								<height>35</height>
								<font>secondary.info</font>
								<align>left</align>
								<aligny>center</aligny>
								<textcolor>text.primary</textcolor>
								<selectedcolor>text.primary</selectedcolor>
								<info>ListItem.Label2</info>
							</control>
							
						</focusedlayout>
						
						<content>
						
							<item>
								<label>$LOCALIZE[557]:</label>
								<label2>$INFO[ListItem.Artist]</label2>
								<onclick>noop</onclick>
							</item>
							
							<item>
								<label>$LOCALIZE[558]:</label>
								<label2>$INFO[ListItem.Album]$INFO[listitem.discnumber, - $LOCALIZE[427] ]</label2>
								<onclick>noop</onclick>
							</item>
							
							<item>
								<label>$LOCALIZE[515]:</label>
								<label2>$INFO[ListItem.Genre]</label2>
								<onclick>noop</onclick>
							</item>
							
							<item>
								<label>$LOCALIZE[562]:</label>
								<label2>$INFO[ListItem.Year]</label2>
								<onclick>noop</onclick>
							</item>
							
							<item>
								<label>$LOCALIZE[554]:</label>
								<label2>$INFO[ListItem.TrackNumber]</label2>
								<onclick>noop</onclick>
							</item>
							
							<item>
								<label>$LOCALIZE[563]:</label>
								<onclick>noop</onclick>
							</item>
							
						</content>
						
					</control>
					
					<control type="group">
						<left>720</left>
						<top>200</top>
						
						<control type="image">
							<description>Rating value</description>
							<left>0</left>
							<top>0</top>
							<width>225</width>
							<height>48</height>
							<aspectratio align="left">keep</aspectratio>
							<texture colordiffuse="$VAR[Colour.900]">LeftRating/$INFO[ListItem.StarRating]</texture>
						</control>
						
					</control>
									
					<control type="image">
						<left>555</left>
						<top>460</top>
						<width>795</width>
						<height>1</height>
						<aspectratio>stretch</aspectratio>
						<texture colordiffuse="$VAR[Colour.500]">backgrounds/white.png</texture>
					</control>
					
				</control>
				
				<!--comment-->
				<control type="textbox" id="400">
					<left>575</left>
					<top>697</top>
					<width>1310</width>
					<height>368</height>
					<font>label</font>
					<align>left</align>
					<textcolor>text.primary</textcolor>
					<pagecontrol>-</pagecontrol>
					<autoscroll delay="10000" time="3000" repeat="15000">!Control.HasFocus(61) + Skin.HasSetting(AutoScroll)</autoscroll>
					<label>$INFO[ListItem.Comment]</label>
				</control>
									
			</control>
			
		</control>
		
	</controls>
	
</window>