<?xml version="1.0" encoding="UTF-8"?>

<window>

	<defaultcontrol>9000</defaultcontrol>
	
	<controls>
	
		<!--all content-->
		<control type="group">
			<left>-355</left>
			<visible>!Window.IsVisible(FileBrowser)</visible>
			<animation effect="slide" start="1650,0" end="0,0" time="400" tween="quadratic" easing="out">WindowOpen</animation>
			<animation effect="slide" start="0,0" end="1650,0" time="400" tween="quadratic" easing="out">WindowClose</animation>
			
			<animation effect="slide" start="-1700,0" end="0,0" time="400" tween="quadratic" easing="out">Visible</animation>
			<animation effect="slide" start="0,0" end="-1700,0" time="400" tween="quadratic" easing="out">Hidden</animation>
			
			<animation effect="slide" start="0,0" end="-35,0" time="300" condition="Window.IsActive(ShutdownMenu)">Conditional</animation>

			<!--title bars and backgrounds-->
			<control type="group">
			
				<!--background-->
				<control type="image">
					<left>715</left>
					<top>0</top>
					<width>1210</width>
					<height>1080</height>
					<texture colordiffuse="tertiary">backgrounds/white.png</texture>
				</control>
				
				<!-- left shadow-->
				<control type="image">
					<left>685</left>
					<top>0</top>
					<width>30</width>
					<height>1080</height>
					<texture flipx="true">sidebarshadow.png</texture>
				</control>
				
				<!--right shadow-->
				<control type="image">
					<left>1925</left>
					<top>0</top>
					<width>30</width>
					<height>1080</height>
					<texture>sidebarshadow.png</texture>
				</control>
					
				<!--title background-->
				<control type="image">
					<left>715</left>
					<top>0</top>
					<width>1210</width>
					<height>110</height>
					<texture background="true" colordiffuse="$VAR[Colour.500]">backgrounds/white.png</texture>
				</control>
				
				<!--buttons bg-->
				<control type="image">
					<left>1035</left>
					<top>1010</top>
					<width>890</width>
					<height>70</height>
					<texture colordiffuse="primary">backgrounds/white.png</texture>
				</control>
		
				<!--buttons shadow-->
				<control type="image">
					<left>1035</left>
					<top>1010</top>
					<width>890</width>
					<height>10</height>
					<texture>homeshadow.png</texture>
					<animation effect="fade" start="100" end="75" time="0" condition="true">Conditional</animation>
				</control>
				
				<!--side bar-->
				<control type="image">
					<left>715</left>
					<top>110</top>
					<width>320</width>
					<height>970</height>
					<texture background="true" colordiffuse="$VAR[Colour.900]">backgrounds/white.png</texture>
				</control>
			
				<!--side bar shadow-->
				<control type="image">
					<left>1035</left>
					<top>110</top>
					<width>20</width>
					<height>970</height>
					<texture>sidebarshadow.png</texture>
					<animation effect="fade" start="100" end="75" time="0" condition="true">Conditional</animation>
				</control>
				
				<!--title shadow-->
				<control type="image">
					<left>715</left>
					<top>110</top>
					<width>1210</width>
					<height>20</height>
					<texture>homeshadow.png</texture>
					<animation effect="fade" start="100" end="75" time="0" condition="true">Conditional</animation>
				</control>

				<!--close window button-->
				<control type="button">
					<left>720</left>
					<top>0</top>
					<width>50</width>
					<height>25</height>
					<label>-</label>
					<font>-</font>
					<onclick>PreviousMenu</onclick>
					<texturefocus>DialogCloseButton-focus.png</texturefocus>
					<texturenofocus>DialogCloseButton.png</texturenofocus>
					<onleft>9000</onleft>
					<onright>9000</onright>
					<onup>9000</onup>
					<ondown>9000</ondown>
					<visible>system.getbool(input.enablemouse)</visible>
				</control>
				
			</control>
			
			<!--main content-->
			<control type="group">
				<left>170</left>
				<top>0</top>
				
				<!--title-->
				<control type="label">
					<left>590</left>
					<top>25</top>
					<width>1545</width>
					<height>60</height>
					<font>info.title</font>
					<align>left</align>
					<aligny>center</aligny>
					<textcolor>white</textcolor>
					<label>$LOCALIZE[15020]</label>
				</control>
				
				<control type="list" id="9000">
					<left>555</left>
					<top>120</top>
					<width>330</width>
					<height>845</height>
					<onup>9000</onup>
					<ondown>9000</ondown>
					<onleft>9001</onleft>
					<onright>20</onright>
					<scrolltime>200</scrolltime>
					
					<itemlayout height="65" width="330">
					
						<control type="label">
							<left>15</left>
							<top>0</top>
							<width>270</width>
							<height>60</height>
							<font>button</font>
							<align>left</align>
							<aligny>center</aligny>
							<textcolor>white</textcolor>
							<selectedcolor>selected</selectedcolor>
							<info>ListItem.Label</info>
						</control>
						
					</itemlayout>
					
					<focusedlayout height="65" width="330">
					
						<control type="image">
							<left>0</left>
							<top>0</top>
							<width>300</width>
							<height>60</height>
							<texture colordiffuse="white">backgrounds/white.png</texture>
							<animation effect="fade" start="100" end="50" time="0" condition="!Control.HasFocus(9000)">Conditional</animation>
						</control>

						<control type="label">
							<left>15</left>
							<top>0</top>
							<width>270</width>
							<height>60</height>
							<font>button</font>
							<align>left</align>
							<aligny>center</aligny>
							<textcolor>$VAR[Colour.900]</textcolor>
							<info>ListItem.Label</info>
						</control>
						
					</focusedlayout>
					
					<content>
					
						<item id="91">
							<label>1. $LOCALIZE[15057]</label>
							<label2>$LOCALIZE[15114]</label2>
							<visible>true</visible>
							<onclick>noop</onclick>
							<property name="currentMode">InputResampling</property>
						</item>
						
						<item id="92">
							<label>2. $LOCALIZE[15058]</label>
							<label2>$LOCALIZE[15113]</label2>
							<visible>true</visible>
							<onclick>noop</onclick>
							<property name="currentMode">Preprocessing</property>
						</item>
						
						<item id="93">
							<label>3. $LOCALIZE[15059]</label>
							<label2>$LOCALIZE[15115]</label2>
							<visible>true</visible>
							<onclick>noop</onclick>
							<property name="currentMode">Masterprocessing</property>
						</item>
						
						<item id="94">
							<label>4. $LOCALIZE[15060]</label>
							<label2>$LOCALIZE[15117]</label2>
							<visible>true</visible>
							<onclick>noop</onclick>
							<property name="currentMode">Postprocessing</property>
						</item>
						
						<item id="95">
							<label>5. $LOCALIZE[15061]</label>
							<label2>$LOCALIZE[15116]</label2>
							<visible>true</visible>
							<onclick>noop</onclick>
							<property name="currentMode">OutputResampling</property>
						</item>
						
					</content>
					
				</control>
				
				<!--seperator-->
				<control type="image">
					<left>880</left>
					<top>945</top>
					<width>860</width>
					<height>1</height>
					<aspectratio>stretch</aspectratio>
					<texture colordiffuse="$VAR[Colour.500]">backgrounds/white.png</texture>
				</control>
				
				<!--Current Mode Description-->
				<control type="textbox">
					<left>885</left>
					<top>952</top>
					<width>845</width>
					<height>50</height>
					<font>secondary.info.small</font>
					<align>left</align>
					<textcolor>text.primary</textcolor>
					<label>$INFO[Container(9000).ListItem.Label2]</label>
				</control>
				
				<control type="image">
					<left>555</left>
					<top>970</top>
					<width>300</width>
					<height>100</height>
					<aspectratio>keep</aspectratio>
					<texture background="true">$INFO[Container(20).ListItem.Property(Icon)]</texture>
					<visible>Control.HasFocus(20) | Control.HasFocus(60)</visible>
				</control>
				
				<control type="image">
					<left>555</left>
					<top>970</top>
					<width>300</width>
					<height>100</height>
					<aspectratio>keep</aspectratio>
					<texture background="true">$INFO[Container(21).ListItem.Property(Icon)]</texture>
					<visible>Control.HasFocus(21) | Control.HasFocus(61)</visible>
				</control>
			
				<control type="group" id="200">
					
					<control type="group">
						<left>875</left>
						<top>120</top>
						
						<control type="label">
							<description>name label</description>
							<left>0</left>
							<top>0</top>
							<width>400</width>
							<height>60</height>
							<font>button.bold</font>
							<textoffsetx>5</textoffsetx>
							<aligny>center</aligny>
							<textcolor>$VAR[Colour.500]</textcolor>
							<label>$LOCALIZE[15050] ($INFO[Container(20).NumItems])</label>
						</control>
						
						<control type="list" id="20">
							<left>0</left>
							<top>65</top>
							<width>400</width>
							<height>770</height>
							<onup>9001</onup>
							<ondown>9001</ondown>
							<onleft>9000</onleft>
							<onright>60</onright>
							<pagecontrol>60</pagecontrol>
							<scrolltime>200</scrolltime>
							<itemlayout height="50">
								
								<control type="label">
									<left>15</left>
									<top>0</top>
									<width>370</width>
									<height>45</height>
									<aligny>center</aligny>
									<label>$INFO[ListItem.Property(AddonName)]: $INFO[ListItem.Property(Name)]</label>
								</control>
								
							</itemlayout>
							
							<focusedlayout height="70">
								
								<control type="image">
									<left>0</left>
									<top>0</top>
									<width>400</width>
									<height>65</height>
									<texture colordiffuse="$VAR[Colour.500]">backgrounds/white.png</texture>
									<animation effect="fade" start="100" end="60" time="0" condition="!Control.HasFocus(20)">conditional</animation>
								</control>
								
								<control type="label">
									<left>15</left>
									<top>0</top>
									<width>370</width>
									<height>35</height>
									<aligny>center</aligny>
									<textcolor>white</textcolor>
									<selectedcolor>selected</selectedcolor>
									<label>$INFO[ListItem.Property(AddonName)]: $INFO[ListItem.Property(Name)]</label>
								</control>
								
								<control type="label">
									<description>ADSP-Mode description on focus</description>
									<left>15</left>
									<top>30</top>
									<width>370</width>
									<height>30</height>
									<aligny>center</aligny>
									<textcolor>white</textcolor>
									<font>secondary.info.light</font>
									<scroll>false</scroll>
									<selectedcolor>selected</selectedcolor>
									<label>$INFO[ListItem.Property(Description)]</label>
									<visible>!Control.HasFocus(20)</visible>
								</control>
								
								<control type="label">
									<description>ADSP-Mode description on focus</description>
									<left>15</left>
									<top>30</top>
									<width>370</width>
									<height>30</height>
									<aligny>center</aligny>
									<textcolor>white</textcolor>
									<font>secondary.info.light</font>
									<scroll>true</scroll>
									<scrollsuffix>&gt;   &lt;</scrollsuffix>
									<selectedcolor>selected</selectedcolor>
									<label>$INFO[ListItem.Property(Description)]</label>
									<visible>Control.HasFocus(20)</visible>
								</control>
								
							</focusedlayout>
							
						</control>
						
						<control type="scrollbar" id="60">
							<left>410</left>
							<top>65</top>
							<height>775</height>
							<texturesliderbackground colordiffuse="scroll.secondary">backgrounds/white.png</texturesliderbackground>
							<texturesliderbar colordiffuse="secondary">backgrounds/white.png</texturesliderbar>
							<onleft>20</onleft>
							<onright>21</onright>
							<ondown>60</ondown>
							<onup>60</onup>
						</control>
						
					</control>
					
					<control type="image" id="11">
						<left>1310</left>
						<top>110</top>
						<height>835</height>
						<width>1</width>
						<aspectratio>stretch</aspectratio>
						<texture colordiffuse="disabled">backgrounds/white.png</texture>
					</control>
					
					<control type="group">
						<left>1330</left>
						<top>120</top>
						
						<control type="label">
							<description>name label</description>
							<left>0</left>
							<top>0</top>
							<width>400</width>
							<height>60</height>
							<font>button.bold</font>
							<textoffsetx>5</textoffsetx>
							<aligny>center</aligny>
							<textcolor>$VAR[Colour.500]</textcolor>
							<label>$LOCALIZE[15051] ($INFO[Container(21).NumItems])</label>
						</control>
						
						<control type="list" id="21">
							<left>0</left>
							<top>65</top>
							<width>400</width>
							<height>770</height>
							<onup>9001</onup>
							<ondown>9001</ondown>
							<onleft>60</onleft>
							<onright>61</onright>
							<pagecontrol>61</pagecontrol>
							<scrolltime>200</scrolltime>
							<itemlayout height="50">
								
								<control type="label">
									<left>15</left>
									<top>0</top>
									<width>370</width>
									<height>45</height>
									<aligny>center</aligny>
									<label>$INFO[ListItem.Property(AddonName)]: $INFO[ListItem.Property(Name)]</label>
								</control>
								
							</itemlayout>
							
							<focusedlayout height="70">
								
								<control type="image">
									<left>0</left>
									<top>0</top>
									<width>400</width>
									<height>65</height>
									<texture colordiffuse="$VAR[Colour.500]">backgrounds/white.png</texture>
									<animation effect="fade" start="100" end="60" time="0" condition="!Control.HasFocus(21)">conditional</animation>
								</control>
								
								<control type="label">
									<left>15</left>
									<top>0</top>
									<width>370</width>
									<height>35</height>
									<aligny>center</aligny>
									<textcolor>white</textcolor>
									<selectedcolor>selected</selectedcolor>
									<label>$INFO[ListItem.Property(AddonName)]: $INFO[ListItem.Property(Name)]</label>
								</control>
								
								<control type="label">
									<description>ADSP-Mode description on focus</description>
									<left>15</left>
									<top>30</top>
									<width>370</width>
									<height>30</height>
									<aligny>center</aligny>
									<textcolor>white</textcolor>
									<font>secondary.info.light</font>
									<scroll>false</scroll>
									<selectedcolor>selected</selectedcolor>
									<label>$INFO[ListItem.Property(Description)]</label>
									<visible>!Control.HasFocus(21)</visible>
								</control>
								
								<control type="label">
									<description>ADSP-Mode description on focus</description>
									<left>15</left>
									<top>30</top>
									<width>370</width>
									<height>30</height>
									<aligny>center</aligny>
									<textcolor>white</textcolor>
									<font>secondary.info.light</font>
									<scroll>true</scroll>
									<scrollsuffix>&gt;   &lt;</scrollsuffix>
									<selectedcolor>selected</selectedcolor>
									<label>$INFO[ListItem.Property(Description)]</label>
									<visible>Control.HasFocus(21)</visible>
								</control>
								
							</focusedlayout>
							
						</control>
						
						<control type="scrollbar" id="61">
							<left>410</left>
							<top>65</top>
							<height>775</height>
							<texturesliderbackground colordiffuse="scroll.secondary">backgrounds/white.png</texturesliderbackground>
							<texturesliderbar colordiffuse="secondary">backgrounds/white.png</texturesliderbar>
							<onleft>21</onleft>
							<onright>9000</onright>
							<ondown>61</ondown>
							<onup>61</onup>
						</control>
						
					</control>
					
				</control>
				
				<!--bottom buttons-->
				<control type="grouplist" id="9001">
					<left>870</left>
					<top>1015</top>
					<width>880</width>
					<height>60</height>
					<align>justify</align>
					<orientation>horizontal</orientation>
					<onleft>9001</onleft>
					<onright>9001</onright>
					<onup>200</onup>
					<ondown>9000</ondown>
					
					<control type="radiobutton" id="22">
						<description>Default</description>
						<left>10</left>
						<top>0</top>
						<width>300</width>
						<height>60</height>
						<label>15064</label>
					</control>
					
					<!--ok button-->
					<include name="AnimatedCircleButtonGroup">
						<param name="button-id" value="23" />
						<param name="button-width" value="270" />
						<param name="button-texture" value="yesbutton" />
						<param name="button-label" value="14070" />
						<param name="button-onup" value="200" />
						<param name="button-ondown" value="9000" />
						<param name="button-onleft" value="22" />
						<param name="button-onright" value="24" />
					</include>
					
					<!--delete button-->
					<include name="AnimatedCircleButtonGroup">
						<param name="button-id" value="24" />
						<param name="button-width" value="270" />
						<param name="button-texture" value="nobutton" />
						<param name="button-label" value="15066" />
						<param name="button-onup" value="200" />
						<param name="button-ondown" value="9000" />
						<param name="button-onleft" value="23" />
						<param name="button-onright" value="22" />
					</include>
					
				</control>
				
			</control>
			
		</control>

	</controls>
	
</window>