<?xml version="1.0" encoding="UTF-8"?>

<window>

	<defaultcontrol always="true">52</defaultcontrol>
		
	<controls>
	
		<include>CommonBackground</include>
		<include>Clock</include>
		
		<control type="image">
			<description>LOGO</description>
			<left>0</left>
			<top>8</top>
			<width>255</width>
			<height>150</height>
			<aspectratio aligny="top" align="left">keep</aspectratio>
			<texture>kodi-logo.png</texture>
			<include>Window_OpenClose_Animation</include>
		</control>
		
		<!--all content-->
		<control type="group">
			<left>-170</left>
			<animation effect="slide" start="1650,0" end="0,0" time="400" tween="quadratic" easing="out">WindowOpen</animation>
			<animation effect="slide" start="0,0" end="1650,0" time="400" tween="quadratic" easing="out">WindowClose</animation>
						
			<animation effect="slide" start="0,0" end="-125,0" time="300" condition="Window.IsActive(ShutdownMenu)">Conditional</animation>
			
			<!--background-->
			<control type="image">
				<left>715</left>
				<top>0</top>
				<width>830</width>
				<height>1080</height>
				<texture colordiffuse="tertiary">backgrounds/white.png</texture>
			</control>
			
			<!-- left shadow-->
			<control type="image">
				<left>685</left>
				<top>0</top>
				<width>30</width>
				<height>1080</height>
				<texture flipx="true">sidebarshadow.png</texture>
			</control>
			
			<!--right shadow-->
			<control type="image">
				<left>1545</left>
				<top>0</top>
				<width>30</width>
				<height>1080</height>
				<texture>sidebarshadow.png</texture>
			</control>
				
			<!--title background-->
			<control type="image">
				<left>715</left>
				<top>0</top>
				<width>830</width>
				<height>150</height>
				<texture background="true" colordiffuse="$VAR[Colour.500]">backgrounds/white.png</texture>
			</control>
		
			<!--title shadow-->
			<control type="image">
				<left>715</left>
				<top>150</top>
				<width>830</width>
				<height>10</height>
				<texture>homeshadow.png</texture>
				<animation effect="fade" start="100" end="75" time="0" condition="true">Conditional</animation>
			</control>
			
			<control type="label">
				<left>730</left>
				<top>25</top>
				<width>800</width>
				<height>100</height>
				<font>info.title</font>
				<textcolor>white</textcolor>
				<align>center</align>
				<aligny>center</aligny>
				<label>$LOCALIZE[31421]</label>
			</control>
			
			<control type="list" id="52">
				<left>735</left>
				<top>170</top>
				<width>790</width>
				<height>750</height>
				<onleft>20</onleft>
				<onright>20</onright>
				<onup>52</onup>
				<ondown>52</ondown>
				<viewtype label="535">list</viewtype>
				<pagecontrol>60</pagecontrol>
				<scrolltime>200</scrolltime>
				
				<itemlayout height="150" width="790">
									
					<control type="image">
						<left>15</left>
						<top>15</top>
						<width>120</width>
						<height>112</height>
						<texture>$INFO[Listitem.Icon]</texture>
						<visible>!StringCompare(Listitem.Icon,"unknown-user.png")</visible>
					</control>
					
					<control type="image">
						<left>15</left>
						<top>15</top>
						<width>120</width>
						<height>112</height>
						<texture colordiffuse="text.primary">unknown-user.png</texture>
						<visible>StringCompare(Listitem.Icon,"unknown-user.png")</visible>
					</control>
					
					<control type="label">
						<left>165</left>
						<top>15</top>
						<width>605</width>
						<height>60</height>
						<font>font24_title</font>
						<selectedcolor>selected</selectedcolor>
						<align>left</align>
						<aligny>center</aligny>
						<label>$INFO[ListItem.Label]</label>
					</control>
					
					<control type="label">
						<left>165</left>
						<top>75</top>
						<width>605</width>
						<height>38</height>
						<font>label</font>
						<selectedcolor>selected</selectedcolor>
						<align>left</align>
						<aligny>center</aligny>
						<label>$INFO[ListItem.Label2]</label>
					</control>
					
				</itemlayout>
				
				<focusedlayout height="150" width="790">
									
					<control type="image">
						<left>0</left>
						<top>0</top>
						<width>1035</width>
						<height>145</height>
						<texture colordiffuse="$VAR[Colour.500]">backgrounds/white.png</texture>
							<animation effect="fade" start="100" end="50" time="200" condition="!Control.HasFocus(52)">Conditional</animation>
					</control>
					
					<control type="image">
						<left>15</left>
						<top>15</top>
						<width>120</width>
						<height>112</height>
						<texture>$INFO[ListItem.Icon]</texture>
					</control>
					
					<control type="label">
						<left>165</left>
						<top>15</top>
						<width>605</width>
						<height>60</height>
						<font>font24_title</font>
						<textcolor>white</textcolor>
						<selectedcolor>selected</selectedcolor>
						<align>left</align>
						<aligny>center</aligny>
						<label>$INFO[ListItem.Label]</label>
					</control>
					
					<control type="label">
						<left>165</left>
						<top>75</top>
						<width>605</width>
						<height>38</height>
						<font>label</font>
						<textcolor>white</textcolor>
						<selectedcolor>selected</selectedcolor>
						<align>left</align>
						<aligny>center</aligny>
						<label>$INFO[ListItem.Label2]</label>
					</control>
					
				</focusedlayout>
				
			</control>
			
			<control type="image">
				<description>LOGO</description>
				<left>965</left>
				<top>940</top>
				<width>330</width>
				<height>120</height>
				<aspectratio>keep</aspectratio>
				<texture>Unity_Logo.png</texture>
			</control>
						
		</control>
		
		<!--bottom buttons-->
		<control type="group" id="10">
			<left>314r</left>
			<top>60</top>
			<include>Window_OpenClose_Animation</include>
			<animation effect="slide" start="0,0" end="40,0" time="0" condition="!SubString(System.Time,am) + !SubString(System.Time,pm)">Conditional</animation>
			
			<control type="button" id="20">
				<description>Power push button</description>
				<left>50</left>
				<top>0</top>
				<width>45</width>
				<height>45</height>
				<label>31003</label>
				<font>-</font>
				<onclick>ActivateWindow(ShutdownMenu)</onclick>
				<texturefocus colordiffuse="tertiary">backgrounds/white.png</texturefocus>
				<texturenofocus colordiffuse="tertiary">backgrounds/white.png</texturenofocus>
				<onleft>52</onleft>
				<onright>52</onright>
				<onup>52</onup>
				<ondown>52</ondown>
			</control>
			
			<control type="image">
				<description>Power Icon</description>
				<left>50</left>
				<top>0</top>
				<width>45</width>
				<height>45</height>
				<aspectratio>keep</aspectratio>
				<texture colordiffuse="text.primary">icon_power.png</texture>
				<visible>!Control.HasFocus(20)</visible>
			</control>
			
			<control type="image">
				<description>Power Icon</description>
				<left>50</left>
				<top>0</top>
				<width>45</width>
				<height>45</height>
				<aspectratio>keep</aspectratio>
				<texture colordiffuse="$VAR[Colour.500]">icon_power.png</texture>
				<visible>Control.HasFocus(20)</visible>
			</control>
			
		</control>
		
	</controls>
	
</window>