<?xml version="1.0" encoding="UTF-8"?>

<window id="5533">

	<defaultcontrol always="true">1000</defaultcontrol>
	
	<controls>
	
		<include>CommonBackground</include>
		<include>Clock</include>
		<include>CommonNowPlaying</include>
		<include>MainWindowMouseButtons</include>
		
		<!--breadcrumbs-->
		<control type="group">
			
			<!--breadcrumb bg-->
			<control type="image">
				<left>64</left>
				<top>60</top>
				<width>500</width>
				<height>45</height>
				<texture colordiffuse="tertiary">backgrounds/white.png</texture>
			</control>
			
			<!--breadcrumb strip-->
			<control type="image">
				<left>60</left>
				<top>60</top>
				<width>4</width>
				<height>45</height>
				<texture colordiffuse="$VAR[Colour.500]">backgrounds/white.png</texture>
			</control>
		
			<!--breadcrumb label-->
			<control type="grouplist">
				<left>73</left>
				<top>60</top>
				<width>480</width>
				<height>45</height>
				<orientation>horizontal</orientation>
				<align>left</align>
				<itemgap>8</itemgap>
			
				<control type="label">
					<width min="0" max="450">auto</width>
					<include>WindowTitleCommons</include>
					<label>$ADDON[service.openelec.settings 600]</label>
				</control>
				
			</control>
				
		</control>
		
		<!--main content-->
		<control type="group">
			<top>205</top>
			<left>-265</left>
			<animation effect="slide" start="1650,0" end="0,0" time="400" tween="quadratic" easing="out">WindowOpen</animation>
			<animation effect="slide" start="0,0" end="-1650,0" time="400" tween="quadratic" easing="out">WindowClose</animation>
			
			<animation effect="slide" start="1650,0" end="0,0" time="400" tween="quadratic" easing="out">Visible</animation>
			<animation effect="slide" start="0,0" end="-1650,0" time="400" tween="quadratic" easing="out">Hidden</animation>
			
			<animation effect="slide" start="0,0" end="0,-50" time="0" condition="Player.HasMedia + IsEmpty(Window(videolibrary).Property(PlayingBackgroundMedia))">Conditional</animation>
						
			<!--title bars and backgrounds-->
			<control type="group">
			
				<!--background glow-->
				<control type="image">
					<left>495</left>
					<top>-40</top>
					<width>1470</width>
					<height>1140</height>
					<texture>backgrounds/settings bg.png</texture>
				</control>
			
				<!--background-->
				<control type="image">
					<left>535</left>
					<top>0</top>
					<width>1390</width>
					<height>783</height>
					<texture colordiffuse="tertiary">backgrounds/white.png</texture>
				</control>
					
				<!--title background-->
				<control type="image">
					<left>535</left>
					<top>0</top>
					<width>1390</width>
					<height>115</height>
					<texture background="true" colordiffuse="$VAR[Colour.500]">backgrounds/white.png</texture>
				</control>
				
				<!--close window button-->
				<control type="button">
					<left>540</left>
					<top>0</top>
					<width>50</width>
					<height>25</height>
					<label>-</label>
					<font>-</font>
					<onclick>PreviousMenu</onclick>
					<texturefocus>DialogCloseButton-focus.png</texturefocus>
					<texturenofocus>DialogCloseButton.png</texturenofocus>
					<onleft>9000</onleft>
					<onright>9000</onright>
					<onup>9000</onup>
					<ondown>9000</ondown>
					<visible>system.getbool(input.enablemouse)</visible>
				</control>
				
			</control>
			
			<!--title-->
			<control type="label">
				<left>580</left>
				<top>25</top>
				<width>1545</width>
				<height>60</height>
				<font>info.title</font>
				<align>left</align>
				<aligny>center</aligny>
				<textcolor>white</textcolor>
				<label>$ADDON[service.openelec.settings 600]</label>
			</control>
			
			<!--side bar-->
			<control type="image">
				<left>535</left>
				<top>115</top>
				<width>375</width>
				<height>668</height>
				<texture background="true" colordiffuse="$VAR[Colour.900]">backgrounds/white.png</texture>
			</control>
			
			<!--side blade shadow-->
			<control type="image">
				<left>909</left>
				<top>115</top>
				<width>20</width>
				<height>668</height>
				<texture>sidebarshadow.png</texture>
				<animation effect="fade" start="100" end="75" time="0" condition="true">Conditional</animation>
			</control>
			
			<!--title shadow-->
			<control type="image">
				<left>535</left>
				<top>115</top>
				<width>1390</width>
				<height>20</height>
				<texture>homeshadow.png</texture>
				<animation effect="fade" start="100" end="75" time="0" condition="true">Conditional</animation>
			</control>
			
			<!--left buttons-->
			<control type="list" id="1000">
				<left>545</left>
				<top>125</top>
				<width>390</width>
				<height>520</height>
				<onleft>1500</onleft>
				<pagecontrol>-</pagecontrol>
				<scrolltime>300</scrolltime>
				
				<itemlayout height="65" width="390">
					
					<!--label-->
					<control type="label">
						<left>15</left>
						<top>0</top>
						<width>570</width>
						<height>60</height>
						<font>button</font>
						<textcolor>white</textcolor>
						<align>left</align>
						<aligny>center</aligny>
						<label>$INFO[ListItem.Label]</label>
					</control>
					
				</itemlayout>
				
				<focusedlayout height="65" width="390">
					
					<!--focused bg-->
					<control type="image">
						<left>0</left>
						<top>0</top>
						<width>355</width>
						<height>60</height>
						<texture colordiffuse="white">backgrounds/white.png</texture>
						<animation effect="fade" start="100" end="30" time="100" condition="!Control.HasFocus(1000)">Conditional</animation>
					</control>
					
					<!--label-->					
					<control type="label">
						<left>15</left>
						<top>0</top>
						<width>325</width>
						<height>60</height>
						<font>button</font>
						<textcolor>$VAR[Colour.900]</textcolor>
						<align>left</align>
						<aligny>center</aligny>
						<label>$INFO[ListItem.Label]</label>
					</control>
					
				</focusedlayout>
				
			</control>
			
			<!--logo-->
			<control type="image">
				<left>565</left>
				<top>650</top>
				<width>330</width>
				<height>120</height>
				<aspectratio>keep</aspectratio>
				<texture>openelec/Logo.png</texture>
			</control>
			
			<!--scrollbar-->
			<control type="scrollbar" id="1097">
				<left>1935</left>
				<top>115</top>
				<height>668</height>
				<onleft>1100</onleft>
				<onright>1500</onright>
				<visible>StringCompare(Container(1000).ListItem.Property(listTyp), 1100)</visible>
			</control>
			
			<!--scrollbar-->
			<control type="scrollbar" id="1098">
				<left>1935</left>
				<top>115</top>
				<height>668</height>
				<onleft>1200</onleft>
				<onright>1500</onright>
				<visible>StringCompare(Container(1000).ListItem.Property(listTyp), 1200)</visible>
			</control>
			
			<!--scrollbar-->
			<control type="scrollbar" id="1099">
				<left>1935</left>
				<top>115</top>
				<height>668</height>
				<onleft>1300</onleft>
				<onright>1500</onright>
				<visible>StringCompare(Container(1000).ListItem.Property(listTyp), 1300)</visible>
			</control>
			
			<!-- Other Content (right)-->
			<control type="group">
				<left>920</left>
				<top>125</top>
				<width>995</width>
				<height>648</height>
				
				<!-- About -->
				<control type="group" id="1900">
					<left>0</left>
					<top>0</top>
					<width>995</width>
					<height>580</height>
					<visible>StringCompare(Container(1000).ListItem.Property(listTyp), 1900)</visible>
					
					<control type="image">
						<left>735</left>
						<top>15</top>
						<width>256</width>
						<height>256</height>
						<texture border="1">openelec/icon.png</texture>
					</control>
					
					<control type="label">
						<left>30</left>
						<top>20</top>
						<width>180</width>
						<height>24</height>
						<font>secondary.info.big</font>
						<textcolor>$VAR[Colour.500]</textcolor>
						<align>left</align>
						<aligny>center</aligny>
						<label>$ADDON[service.openelec.settings 606]</label>
					</control>
					
					<control type="label">
						<left>210</left>
						<top>20</top>
						<width>490</width>
						<height>24</height>
						<font>secondary.info.big</font>
						<align>left</align>
						<aligny>center</aligny>
						<label>$INFO[Container(5533).Property(Distri)] ($INFO[Container(5533).Property(build)])</label>
					</control>
					
					<control type="label">
						<left>30</left>
						<top>53</top>
						<width>180</width>
						<height>24</height>
						<font>secondary.info.big</font>
						<textcolor>$VAR[Colour.500]</textcolor>
						<align>left</align>
						<aligny>center</aligny>
						<label>$ADDON[service.openelec.settings 607]</label>
					</control>
					
					<control type="label">
						<left>210</left>
						<top>53</top>
						<width>490</width>
						<height>24</height>
						<font>secondary.info.big</font>
						<align>left</align>
						<aligny>center</aligny>
						<label>$INFO[Container(5533).Property(Version)]</label>
					</control>
					
					<control type="label">
						<left>30</left>
						<top>86</top>
						<width>180</width>
						<height>24</height>
						<font>secondary.info.big</font>
						<textcolor>$VAR[Colour.500]</textcolor>
						<align>left</align>
						<aligny>center</aligny>
						<label>$ADDON[service.openelec.settings 608]</label>
					</control>
					
					<control type="label">
						<left>210</left>
						<top>86</top>
						<width>490</width>
						<height>24</height>
						<font>secondary.info.big</font>
						<align>left</align>
						<aligny>center</aligny>
						<label>$INFO[Container(5533).Property(Arch)]</label>
					</control>
					
					<control type="image">
						<left>30</left>
						<top>140</top>
						<width>700</width>
						<height>3</height>
						<texture>openelec/blue_line.png</texture>
					</control>
					
					<control type="textbox">
						<left>30</left>
						<top>150</top>
						<width>700</width>
						<height>100</height>
						<font>secondary.info.small</font>
						<label>$ADDON[service.openelec.settings 609]</label>
					</control>
					
					<control type="textbox">
						<left>30</left>
						<top>260</top>
						<width>935</width>
						<height>250</height>
						<font>secondary.info.small</font>
						<label>$ADDON[service.openelec.settings 610]</label>
					</control>
					
					<control type="textbox">
						<left>30</left>
						<top>510</top>
						<width>935</width>
						<height>80</height>
						<font>secondary.info.small</font>
						<align>left</align>
						<label>$ADDON[service.openelec.settings 611]</label>
					</control>
				</control>
				
				<!-- Simple List Content -->
				<control type="list" id="1100">
					<left>0</left>
					<top>0</top>
					<width>995</width>
					<height>580</height>
					<onup>1500</onup>
					<ondown>1500</ondown>
					<onleft>1000</onleft>
					<onright>1097</onright>
					<scrolltime>300</scrolltime>
					<pagecontrol>1097</pagecontrol>
					<visible>StringCompare(Container(1000).ListItem.Property(listTyp), 1100)</visible>
					
					<itemlayout height="65">
						
						<control type="group">
							<visible>!StringCompare(ListItem.Property(Typ), separator)</visible>
							
							<control type="label">
								<left>15</left>
								<top>0</top>
								<width>540</width>
								<height>60</height>
								<font>button</font>
								<aligny>center</aligny>
								<info>ListItem.Label</info>
							</control>
							
							<control type="label">
								<align>right</align>
								<left>555</left>
								<top>0</top>
								<width>410</width>
								<height>60</height>
								<font>button</font>
								<aligny>center</aligny>
								<info>ListItem.Property(value)</info>
								<visible>!StringCompare(ListItem.Property(Typ), bool) + !StringCompare(ListItem.Property(Typ), button)</visible>
							</control>
							
						</control>
						
						<control type="group">
							<visible>StringCompare(ListItem.Property(Typ), separator)</visible>
							
							<control type="image">
								<left>5</left>
								<top>59</top>
								<height>1</height>
								<width>985</width>
								<aspectratio>stretch</aspectratio>
								<texture colordiffuse="disabled">backgrounds/white.png</texture>
							</control>
							
							<control type="label">
								<left>5</left>
								<top>0</top>
								<width>600</width>
								<height>60</height>
								<font>button.bold</font>
								<aligny>center</aligny>
								<textcolor>$VAR[Colour.500]</textcolor>
								<info>ListItem.Label</info>
								<visible>true</visible>
							</control>
							
						</control>
						
						<control type="group">
							<visible>StringCompare(ListItem.Property(Typ), bool)</visible>
							
							<control type="image">
								<left>944</left>
								<top>12</top>
								<width>36</width>
								<height>36</height>
								<aspectratio>keep</aspectratio>
								<texture colordiffuse="text.primary">radiobutton-nofocus.png</texture>
								<visible>StringCompare(ListItem.Property(value), 0) | StringCompare(ListItem.Property(value), false) | IsEmpty(ListItem.Property(value))</visible>
							</control>
							
							<control type="image">
								<left>944</left>
								<top>12</top>
								<width>36</width>
								<height>36</height>
								<aspectratio>keep</aspectratio>
								<texture colordiffuse="text.primary">radiobutton-focus.png</texture>
								<visible>StringCompare(ListItem.Property(value), 1) | StringCompare(ListItem.Property(value), true)</visible>
							</control>
							
						</control>
						
						<control type="group">
							<visible>StringCompare(ListItem.Property(Typ), button)</visible>
							
							<control type="image">
								<left>945</left>
								<top>13</top>
								<width>33</width>
								<height>33</height>
								<aspectratio>keep</aspectratio>
								<texture border="5">openelec/do.png</texture>
							</control>
							
						</control>
						
					</itemlayout>
					
					<focusedlayout height="65">
						
						<control type="group">
							<visible>!StringCompare(ListItem.Property(Typ), separator)</visible>
							
							<control type="image">
								<left>0</left>
								<top>0</top>
								<width>995</width>
								<height>60</height>
								<texture colordiffuse="$VAR[Colour.500]">backgrounds/white.png</texture>
								<visible>Control.HasFocus(1100)</visible>
							</control>
							
							<control type="label">
								<left>15</left>
								<top>0</top>
								<width>540</width>
								<height>60</height>
								<font>button</font>
								<aligny>center</aligny>
								<textcolor>white</textcolor>
								<info>ListItem.Label</info>
								<visible>Control.HasFocus(1100)</visible>
							</control>
							
							<control type="label">
								<align>right</align>
								<left>555</left>
								<top>0</top>
								<width>410</width>
								<height>60</height>
								<font>button</font>
								<aligny>center</aligny>
								<textcolor>white</textcolor>
								<info>ListItem.Property(value)</info>
								<visible>!StringCompare(ListItem.Property(Typ), bool) + !StringCompare(ListItem.Property(Typ), button) + Control.HasFocus(1100)</visible>
							</control>
							
							<control type="label">
								<left>15</left>
								<top>0</top>
								<width>540</width>
								<height>60</height>
								<font>button</font>
								<aligny>center</aligny>
								<info>ListItem.Label</info>
								<visible>!Control.HasFocus(1100)</visible>
							</control>
							
							<control type="label">
								<align>right</align>
								<left>555</left>
								<top>0</top>
								<width>410</width>
								<height>60</height>
								<font>button</font>
								<aligny>center</aligny>
								<info>ListItem.Property(value)</info>
								<visible>!StringCompare(ListItem.Property(Typ), bool) + !StringCompare(ListItem.Property(Typ), button) + !Control.HasFocus(1100)</visible>
							</control>
							
						</control>
						
						<control type="group">
							<visible>StringCompare(ListItem.Property(Typ), separator)</visible>
							
							<control type="image">
								<left>5</left>
								<top>59</top>
								<height>1</height>
								<width>985</width>
								<aspectratio>stretch</aspectratio>
								<texture colordiffuse="disabled">backgrounds/white.png</texture>
							</control>
							
							<control type="label">
								<left>5</left>
								<top>0</top>
								<width>600</width>
								<height>60</height>
								<font>button.bold</font>
								<aligny>center</aligny>
								<textcolor>$VAR[Colour.500]</textcolor>
								<info>ListItem.Label</info>
								<visible>true</visible>
							</control>
							
						</control>
						
						<control type="group">
							<visible>StringCompare(ListItem.Property(Typ), bool)</visible>
							
							<control type="image">
								<left>944</left>
								<top>12</top>
								<width>36</width>
								<height>36</height>
								<aspectratio>keep</aspectratio>
								<texture colordiffuse="tertiary">radiobutton-nofocus.png</texture>
								<visible>[StringCompare(ListItem.Property(value), 0) | StringCompare(ListItem.Property(value),false) | IsEmpty(ListItem.Property(value))] + Control.HasFocus(1100)</visible>
							</control>
							
							<control type="image">
								<left>944</left>
								<top>12</top>
								<width>36</width>
								<height>36</height>
								<aspectratio>keep</aspectratio>
								<texture colordiffuse="tertiary">radiobutton-focus.png</texture>
								<visible>[StringCompare(ListItem.Property(value), 1) | StringCompare(ListItem.Property(value),true)] + Control.HasFocus(1100)</visible>
							</control>
							
							<control type="image">
								<left>944</left>
								<top>12</top>
								<width>36</width>
								<height>36</height>
								<aspectratio>keep</aspectratio>
								<texture colordiffuse="text.primary">radiobutton-nofocus.png</texture>
								<visible>[StringCompare(ListItem.Property(value), 0) | StringCompare(ListItem.Property(value), false) | IsEmpty(ListItem.Property(value))] + !Control.HasFocus(1100)</visible>
							</control>
							
							<control type="image">
								<left>944</left>
								<top>12</top>
								<width>36</width>
								<height>36</height>
								<aspectratio>keep</aspectratio>
								<texture colordiffuse="text.primary">radiobutton-focus.png</texture>
								<visible>[StringCompare(ListItem.Property(value), 1) | StringCompare(ListItem.Property(value), true)] + !Control.HasFocus(1100)</visible>
							</control>
							
						</control>
						
						<control type="group">
							<visible>StringCompare(ListItem.Property(Typ), button)</visible>
							
							<control type="image">
								<left>945</left>
								<top>13</top>
								<width>33</width>
								<height>33</height>
								<aspectratio>keep</aspectratio>
								<texture border="5">openelec/do.png</texture>
							</control>
							
						</control>
						
					</focusedlayout>
				
				</control>
				
				<!-- Network Menu Content -->
				<control type="list" id="1200">
					<left>0</left>
					<top>0</top>
					<width>995</width>
					<height>580</height>
					<onleft>1000</onleft>
					<onright>1098</onright>
					<pagecontrol>1098</pagecontrol>
					<scrolltime>300</scrolltime>
					<visible>StringCompare(Container(1000).ListItem.Property(listTyp), 1200)</visible>
					
					<itemlayout height="155">
						
						<!-- Icon ethernet -->
						<control type="image">
							<left>15</left>
							<top>30</top>
							<width>72</width>
							<height>72</height>
							<aspectratio>keep</aspectratio>
							<visible>StringCompare(ListItem.Property(netType), ethernet)</visible>
							<texture>openelec/eth.png</texture>
						</control>
						
						<!-- Icon wifi -->
						<control type="image">
							<left>15</left>
							<top>30</top>
							<width>72</width>
							<height>72</height>
							<aspectratio>keep</aspectratio>
							<visible>StringCompare(ListItem.Property(netType), wifi)</visible>
							<texture>openelec/wlan.png</texture>
						</control>
						
						<!-- Connection Name -->
						<control type="label">
							<left>105</left>
							<top>15</top>
							<width>585</width>
							<height>45</height>
							<font>breadcrumb</font>
							<textcolor>$VAR[Colour.500]</textcolor>
							<info>ListItem.Label</info>
							<visible>true</visible>
						</control>
						
						<!-- Interface -->
						<control type="label">
							<left>105</left>
							<top>74</top>
							<width>250</width>
							<height>30</height>
							<font>secondary.info.light</font>
							<textcolor>$VAR[Colour.500]</textcolor>
							<label>$ADDON[service.openelec.settings 601]: [COLOR=text.primary]$INFO[ListItem.Property(Interface)][/COLOR]</label>
							<visible>!IsEmpty(ListItem.Property(Interface))</visible>
						</control>
						
						<!-- Connection Address -->
						<control type="label">
							<left>320</left>
							<top>74</top>
							<width>375</width>
							<height>30</height>
							<font>secondary.info.light</font>
							<textcolor>$VAR[Colour.500]</textcolor>
							<label>$ADDON[service.openelec.settings 602]: [COLOR=text.primary]$INFO[ListItem.Property(Address)][/COLOR]</label>
							<visible>StringCompare(ListItem.Property(State), online) | StringCompare(ListItem.Property(State), ready)</visible>
						</control>
						
						<!-- Method -->
						<control type="label">
							<left>700</left>
							<top>74</top>
							<width>200</width>
							<height>30</height>
							<font>secondary.info.light</font>
							<textcolor>$VAR[Colour.500]</textcolor>
							<label>$ADDON[service.openelec.settings 603]: [COLOR=text.primary]$INFO[ListItem.Property(Method)][/COLOR]</label>
						</control>
						
						<!-- State -->
						<control type="label">
							<left>700</left>
							<top>30</top>
							<width>200</width>
							<height>30</height>
							<font>secondary.info.light</font>
							<textcolor>$VAR[Colour.500]</textcolor>
							<label>$ADDON[service.openelec.settings 604]: [COLOR=text.primary]$INFO[ListItem.Property(State)][/COLOR]</label>
						</control>
						
						<!-- Signal strength -->
						<control type="progress">
							<left>15</left>
							<top>120</top>
							<width>965</width>
							<height>18</height>
							<info>ListItem.Property(Strength)</info>
							<visible>StringCompare(ListItem.Property(netType), wifi)</visible>
						</control>
						
						<!-- Signal strength value -->
						<control type="label">
							<left>915</left>
							<top>95</top>
							<width>60</width>
							<height>30</height>
							<font>secondary.info.small</font>
							<align>right</align>
							<textcolor>text.primary</textcolor>
							<info>ListItem.Property(Strength)</info>
							<visible>StringCompare(ListItem.Property(netType), wifi)</visible>
						</control>
						
						<!-- Online Symbol (top right) -->
						<control type="image">
							<left>910</left>
							<top>10</top>
							<width>54</width>
							<height>54</height>
							<aspectratio>keep</aspectratio>
							<visible>StringCompare(ListItem.Property(State), online)</visible>
							<texture>openelec/connected.png</texture>
						</control>
						
						<!-- Favorite Symbol (bottom right) -->
						<control type="image">
							<left>900</left>
							<top>65</top>
							<width>30</width>
							<height>30</height>
							<aspectratio>keep</aspectratio>
							<visible>StringCompare(ListItem.Property(Favorite), 1)</visible>
							<texture>openelec/Favorite.png</texture>
						</control>
						
						<!-- Secure Symbol (bottom right) -->
						<control type="image">
							<left>945</left>
							<top>65</top>
							<width>30</width>
							<height>30</height>
							<aspectratio>keep</aspectratio>
							<visible>IntegerGreaterThan(ListItem.Property(Security), 0)</visible>
							<texture>openelec/Key.png</texture>
						</control>
						
					</itemlayout>
					
					<focusedlayout height="155">
					
						<control type="image">
							<left>0</left>
							<top>0</top>
							<width>995</width>
							<height>150</height>
							<texture colordiffuse="$VAR[Colour.500]">backgrounds/white.png</texture>
							<visible>Control.HasFocus(1200)</visible>
						</control>
						
						<!-- Icon ethernet -->
						<control type="image">
							<left>15</left>
							<top>30</top>
							<width>72</width>
							<height>72</height>
							<aspectratio>keep</aspectratio>
							<visible>StringCompare(ListItem.Property(netType), ethernet)</visible>
							<texture>openelec/eth.png</texture>
						</control>
						
						<!-- Icon wifi -->
						<control type="image">
							<left>15</left>
							<top>30</top>
							<width>72</width>
							<height>72</height>
							<aspectratio>keep</aspectratio>
							<visible>StringCompare(ListItem.Property(netType), wifi)</visible>
							<texture>openelec/wlan.png</texture>
						</control>
						
						<control type="group">
							<visible>Control.HasFocus(1200)</visible>
						
							<!-- Connection Name -->
							<control type="label">
								<left>105</left>
								<top>15</top>
								<width>585</width>
								<height>45</height>
								<font>breadcrumb</font>
								<textcolor>white</textcolor>
								<label>[B]$INFO[ListItem.Label][/B]</label>
								<visible>true</visible>
							</control>
							
							<!-- Interface -->
							<control type="label">
								<left>105</left>
								<top>74</top>
								<width>250</width>
								<height>30</height>
								<font>secondary.info.light</font>
								<textcolor>white</textcolor>
								<label>[B]$ADDON[service.openelec.settings 601]:[/B] $INFO[ListItem.Property(Interface)]</label>
								<visible>!IsEmpty(ListItem.Property(Interface))</visible>
							</control>
							
							<!-- Connection Address -->
							<control type="label">
								<left>320</left>
								<top>74</top>
								<width>375</width>
								<height>30</height>
								<font>secondary.info.light</font>
								<textcolor>white</textcolor>
								<label>[B]$ADDON[service.openelec.settings 602]:[/B] $INFO[ListItem.Property(Address)]</label>
								<visible>StringCompare(ListItem.Property(State), online) | StringCompare(ListItem.Property(State), ready)</visible>
							</control>
							
							<!-- Method -->
							<control type="label">
								<left>700</left>
								<top>74</top>
								<width>200</width>
								<height>30</height>
								<font>secondary.info.light</font>
								<textcolor>white</textcolor>
								<label>[B]$ADDON[service.openelec.settings 603]:[/B] $INFO[ListItem.Property(Method)]</label>
							</control>
							
							<!-- State -->
							<control type="label">
								<left>700</left>
								<top>30</top>
								<width>200</width>
								<height>30</height>
								<font>secondary.info.light</font>
								<textcolor>white</textcolor>
								<label>[B]$ADDON[service.openelec.settings 604]:[/B] $INFO[ListItem.Property(State)]</label>
							</control>
							
							<!-- Signal strength value -->
							<control type="label">
								<left>915</left>
								<top>95</top>
								<width>60</width>
								<height>30</height>
								<font>secondary.info.small</font>
								<align>right</align>
								<textcolor>white</textcolor>
								<info>ListItem.Property(Strength)</info>
								<visible>StringCompare(ListItem.Property(netType), wifi)</visible>
							</control>
							
							<!-- Signal strength -->
							<control type="progress">
								<left>15</left>
								<top>120</top>
								<width>965</width>
								<height>18</height>
								<midtexture colordiffuse="tertiary">backgrounds/white.png</midtexture>
								<info>ListItem.Property(Strength)</info>
								<visible>StringCompare(ListItem.Property(netType), wifi)</visible>
							</control>
						
						</control>
						
						<control type="group">
							<visible>!Control.HasFocus(1200)</visible>
						
							<!-- Connection Name -->
							<control type="label">
								<left>105</left>
								<top>15</top>
								<width>585</width>
								<height>45</height>
								<font>breadcrumb</font>
								<textcolor>$VAR[Colour.500]</textcolor>
								<info>ListItem.Label</info>
								<visible>true</visible>
							</control>
							
							<!-- Interface -->
							<control type="label">
								<left>105</left>
								<top>74</top>
								<width>250</width>
								<height>30</height>
								<font>secondary.info.light</font>
								<textcolor>$VAR[Colour.500]</textcolor>
								<label>$ADDON[service.openelec.settings 601]: [COLOR=text.primary]$INFO[ListItem.Property(Interface)][/COLOR]</label>
								<visible>!IsEmpty(ListItem.Property(Interface))</visible>
							</control>
							
							<!-- Connection Address -->
							<control type="label">
								<left>320</left>
								<top>74</top>
								<width>375</width>
								<height>30</height>
								<font>secondary.info.light</font>
								<textcolor>$VAR[Colour.500]</textcolor>
								<label>$ADDON[service.openelec.settings 602]: [COLOR=text.primary]$INFO[ListItem.Property(Address)][/COLOR]</label>
								<visible>StringCompare(ListItem.Property(State), online) | StringCompare(ListItem.Property(State), ready)</visible>
							</control>
							
							<!-- Method -->
							<control type="label">
								<left>700</left>
								<top>74</top>
								<width>200</width>
								<height>30</height>
								<font>secondary.info.light</font>
								<textcolor>$VAR[Colour.500]</textcolor>
								<label>$ADDON[service.openelec.settings 603]: [COLOR=text.primary]$INFO[ListItem.Property(Method)][/COLOR]</label>
							</control>
							
							<!-- State -->
							<control type="label">
								<left>700</left>
								<top>30</top>
								<width>200</width>
								<height>30</height>
								<font>secondary.info.light</font>
								<textcolor>$VAR[Colour.500]</textcolor>
								<label>$ADDON[service.openelec.settings 604]: [COLOR=text.primary]$INFO[ListItem.Property(State)][/COLOR]</label>
							</control>
							
							<!-- Signal strength value -->
							<control type="label">
								<left>915</left>
								<top>95</top>
								<width>60</width>
								<height>30</height>
								<font>secondary.info.small</font>
								<align>right</align>
								<textcolor>text.primary</textcolor>
								<info>ListItem.Property(Strength)</info>
								<visible>StringCompare(ListItem.Property(netType), wifi)</visible>
							</control>
							
							<!-- Signal strength -->
							<control type="progress">
								<left>15</left>
								<top>120</top>
								<width>965</width>
								<height>18</height>
								<info>ListItem.Property(Strength)</info>
								<visible>StringCompare(ListItem.Property(netType), wifi)</visible>
							</control>
						
						</control>
						
						<!-- Online Symbol (top right) -->
						<control type="image">
							<left>910</left>
							<top>10</top>
							<width>54</width>
							<height>54</height>
							<aspectratio>keep</aspectratio>
							<visible>StringCompare(ListItem.Property(State), online)</visible>
							<texture>openelec/connected.png</texture>
						</control>
						
						<!-- Favorite Symbol (bottom right) -->
						<control type="image">
							<left>900</left>
							<top>65</top>
							<width>30</width>
							<height>30</height>
							<aspectratio>keep</aspectratio>
							<visible>StringCompare(ListItem.Property(Favorite), 1)</visible>
							<texture>openelec/Favorite.png</texture>
						</control>
						
						<!-- Secure Symbol (bottom right) -->
						<control type="image">
							<left>945</left>
							<top>65</top>
							<width>30</width>
							<height>30</height>
							<aspectratio>keep</aspectratio>
							<visible>IntegerGreaterThan(ListItem.Property(Security), 0)</visible>
							<texture>openelec/Key.png</texture>
						</control>
						
					</focusedlayout>
				
				</control>
				
				<!-- Bluetooth Disabled Label -->
				<control type="label" id="1301">
					<left>0</left>
					<top>300</top>
					<width>995</width>
					<height>330</height>
					<info></info>
					<align>center</align>
					<visible>StringCompare(Container(1000).ListItem.Property(listTyp), 1300) + StringCompare(Container(1300).NumItems, 0)</visible>
				</control>
				
				<!-- Bluetooth Menu Content -->
				<control type="list" id="1300">
					<left>0</left>
					<top>0</top>
					<width>995</width>
					<height>580</height>
					<onleft>1000</onleft>
					<onright>1099</onright>
					<pagecontrol>1099</pagecontrol>
					<scrolltime>300</scrolltime>
					<visible>StringCompare(Container(1000).ListItem.Property(listTyp), 1300)</visible>
					
					<itemlayout height="105">
						
						<!-- default -->
						<control type="image">
							<left>22</left>
							<top>18</top>
							<width>72</width>
							<height>72</height>
							<aspectratio>keep</aspectratio>
							<visible>StringCompare(ListItem.Property(Icon), default)</visible>
							<texture>openelec/bt.png</texture>
						</control>
						
						<!-- modem -->
						<control type="image">
							<left>22</left>
							<top>18</top>
							<width>72</width>
							<height>72</height>
							<aspectratio>keep</aspectratio>
							<visible>StringCompare(ListItem.Property(Icon), modem)</visible>
							<texture>openelec/bt-modem.png</texture>
						</control>
						
						<!-- audio -->
						<control type="image">
							<left>22</left>
							<top>18</top>
							<width>72</width>
							<height>72</height>
							<aspectratio>keep</aspectratio>
							<visible>StringCompare(ListItem.Property(Icon), audio-card)</visible>
							<texture>openelec/bt-audio-card.png</texture>
						</control>
						
						<!-- Camera Photo -->
						<control type="image">
							<left>22</left>
							<top>18</top>
							<width>72</width>
							<height>72</height>
							<aspectratio>keep</aspectratio>
							<visible>StringCompare(ListItem.Property(Icon), camera-photo)</visible>
							<texture>openelec/bt-camera-photo.png</texture>
						</control>
						
						<!-- Icon phone -->
						<control type="image">
							<left>22</left>
							<top>18</top>
							<width>72</width>
							<height>72</height>
							<aspectratio>keep</aspectratio>
							<visible>StringCompare(ListItem.Property(Icon), phone)</visible>
							<texture>openelec/bt-phone.png</texture>
						</control>
						
						<!-- camera-video -->
						<control type="image">
							<left>22</left>
							<top>18</top>
							<width>72</width>
							<height>72</height>
							<aspectratio>keep</aspectratio>
							<visible>StringCompare(ListItem.Property(Icon), camera-video)</visible>
							<texture>openelec/bt-camera-video.png</texture>
						</control>
						
						<!-- input-mouse -->
						<control type="image">
							<left>22</left>
							<top>18</top>
							<width>72</width>
							<height>72</height>
							<aspectratio>keep</aspectratio>
							<visible>StringCompare(ListItem.Property(Icon), input-mouse)</visible>
							<texture>openelec/bt-input-mouse.png</texture>
						</control>
						
						<!-- input-gaming -->
						<control type="image">
							<left>22</left>
							<top>18</top>
							<width>72</width>
							<height>72</height>
							<aspectratio>keep</aspectratio>
							<visible>StringCompare(ListItem.Property(Icon), input-gaming)</visible>
							<texture>openelec/bt-input-gaming.png</texture>
						</control>
						
						<!-- input-keyboard -->
						<control type="image">
							<left>22</left>
							<top>18</top>
							<width>72</width>
							<height>72</height>
							<aspectratio>keep</aspectratio>
							<visible>StringCompare(ListItem.Property(Icon), input-keyboard)</visible>
							<texture>openelec/bt-input-keyboard.png</texture>
						</control>
						
						<!-- input-tablet -->
						<control type="image">
							<left>22</left>
							<top>18</top>
							<width>72</width>
							<height>72</height>
							<aspectratio>keep</aspectratio>
							<visible>StringCompare(ListItem.Property(Icon), input-tablet)</visible>
							<texture>openelec/bt-input-tablet.png</texture>
						</control>
						
						<!-- Printer -->
						<control type="image">
							<left>22</left>
							<top>18</top>
							<width>72</width>
							<height>72</height>
							<aspectratio>keep</aspectratio>
							<visible>StringCompare(ListItem.Property(Icon), printer)</visible>
							<texture>openelec/bt-printer.png</texture>
						</control>
						
						<!-- Computer -->
						<control type="image">
							<left>22</left>
							<top>18</top>
							<width>72</width>
							<height>72</height>
							<aspectratio>keep</aspectratio>
							<visible>StringCompare(ListItem.Property(Icon), computer)</visible>
							<texture>openelec/bt-computer.png</texture>
						</control>
						
						<!-- Connection Name -->
						<control type="label">
							<left>180</left>
							<top>10</top>
							<width>585</width>
							<height>45</height>
							<font>breadcrumb</font>
							<textcolor>$VAR[Colour.500]</textcolor>
							<info>ListItem.Label</info>
							<visible>true</visible>
						</control>
						
						<!-- Connection Address -->
						<control type="label">
							<left>180</left>
							<top>60</top>
							<width>500</width>
							<height>30</height>
							<font>secondary.info.light</font>
							<textcolor>$VAR[Colour.500]</textcolor>
							<label>$ADDON[service.openelec.settings 605]: [COLOR=text.primary]$INFO[ListItem.Property(Address)][/COLOR]</label>
						</control>
						
						<!-- Connected State -->
						<control type="label">
							<left>680</left>
							<top>60</top>
							<width>220</width>
							<height>30</height>
							<font>secondary.info.light</font>
							<textcolor>$VAR[Colour.500]</textcolor>
							<label>$INFO[ListItem.Property(ConnectedState)]</label>
						</control>
						
						<!-- Paired Symbol (bottom right) -->
						<control type="image">
							<left>900</left>
							<top>60</top>
							<width>30</width>
							<height>30</height>
							<aspectratio>keep</aspectratio>
							<visible>StringCompare(ListItem.Property(Paired), 1)</visible>
							<texture>openelec/Favorite.png</texture>
						</control>
						
						<!-- Trusted Symbol (bottom right) -->
						<control type="image">
							<left>945</left>
							<top>60</top>
							<width>30</width>
							<height>30</height>
							<aspectratio>keep</aspectratio>
							<visible>IntegerGreaterThan(ListItem.Property(Trusted), 0)</visible>
							<texture>openelec/Key.png</texture>
						</control>
						
					</itemlayout>
					
					<focusedlayout height="105">
						
						<control type="image">
							<left>0</left>
							<top>0</top>
							<width>995</width>
							<height>100</height>
							<texture colordiffuse="$VAR[Colour.500]">backgrounds/white.png</texture>
							<visible>Control.HasFocus(1300)</visible>
						</control>
						
						<!-- default -->
						<control type="image">
							<left>22</left>
							<top>18</top>
							<width>72</width>
							<height>72</height>
							<aspectratio>keep</aspectratio>
							<visible>StringCompare(ListItem.Property(Icon), default)</visible>
							<texture>openelec/bt.png</texture>
						</control>
						
						<!-- modem -->
						<control type="image">
							<left>22</left>
							<top>18</top>
							<width>72</width>
							<height>72</height>
							<aspectratio>keep</aspectratio>
							<visible>StringCompare(ListItem.Property(Icon), modem)</visible>
							<texture>openelec/bt-modem.png</texture>
						</control>
						
						<!-- audio -->
						<control type="image">
							<left>22</left>
							<top>18</top>
							<width>72</width>
							<height>72</height>
							<aspectratio>keep</aspectratio>
							<visible>StringCompare(ListItem.Property(Icon), audio-card)</visible>
							<texture>openelec/bt-audio-card.png</texture>
						</control>
						
						<!-- Camera Photo -->
						<control type="image">
							<left>22</left>
							<top>18</top>
							<width>72</width>
							<height>72</height>
							<aspectratio>keep</aspectratio>
							<visible>StringCompare(ListItem.Property(Icon), camera-photo)</visible>
							<texture>openelec/bt-camera-photo.png</texture>
						</control>
						
						<!-- Icon phone -->
						<control type="image">
							<left>22</left>
							<top>18</top>
							<width>72</width>
							<height>72</height>
							<aspectratio>keep</aspectratio>
							<visible>StringCompare(ListItem.Property(Icon), phone)</visible>
							<texture>openelec/bt-phone.png</texture>
						</control>
						
						<!-- camera-video -->
						<control type="image">
							<left>22</left>
							<top>18</top>
							<width>72</width>
							<height>72</height>
							<aspectratio>keep</aspectratio>
							<visible>StringCompare(ListItem.Property(Icon), camera-video)</visible>
							<texture>openelec/bt-camera-video.png</texture>
						</control>
						
						<!-- input-mouse -->
						<control type="image">
							<left>22</left>
							<top>18</top>
							<width>72</width>
							<height>72</height>
							<aspectratio>keep</aspectratio>
							<visible>StringCompare(ListItem.Property(Icon), input-mouse)</visible>
							<texture>openelec/bt-input-mouse.png</texture>
						</control>
						
						<!-- input-gaming -->
						<control type="image">
							<left>22</left>
							<top>18</top>
							<width>72</width>
							<height>72</height>
							<aspectratio>keep</aspectratio>
							<visible>StringCompare(ListItem.Property(Icon), input-gaming)</visible>
							<texture>openelec/bt-input-gaming.png</texture>
						</control>
						
						<!-- input-keyboard -->
						<control type="image">
							<left>22</left>
							<top>18</top>
							<width>72</width>
							<height>72</height>
							<aspectratio>keep</aspectratio>
							<visible>StringCompare(ListItem.Property(Icon), input-keyboard)</visible>
							<texture>openelec/bt-input-keyboard.png</texture>
						</control>
						
						<!-- input-tablet -->
						<control type="image">
							<left>22</left>
							<top>18</top>
							<width>72</width>
							<height>72</height>
							<aspectratio>keep</aspectratio>
							<visible>StringCompare(ListItem.Property(Icon), input-tablet)</visible>
							<texture>openelec/bt-input-tablet.png</texture>
						</control>
						
						<!-- Printer -->
						<control type="image">
							<left>22</left>
							<top>18</top>
							<width>72</width>
							<height>72</height>
							<aspectratio>keep</aspectratio>
							<visible>StringCompare(ListItem.Property(Icon), printer)</visible>
							<texture>openelec/bt-printer.png</texture>
						</control>
						
						<!-- Computer -->
						<control type="image">
							<left>22</left>
							<top>18</top>
							<width>72</width>
							<height>72</height>
							<aspectratio>keep</aspectratio>
							<visible>StringCompare(ListItem.Property(Icon), computer)</visible>
							<texture>openelec/bt-computer.png</texture>
						</control>
						
						<!-- Connection Name -->
						<control type="label">
							<left>180</left>
							<top>10</top>
							<width>585</width>
							<height>45</height>
							<font>breadcrumb</font>
							<textcolor>white</textcolor>
							<label>[B]$INFO[ListItem.Label][/B]</label>
							<visible>Control.HasFocus(1300)</visible>
						</control>
						
						<!-- Connection Address -->
						<control type="label">
							<left>180</left>
							<top>60</top>
							<width>500</width>
							<height>30</height>
							<font>secondary.info.light</font>
							<textcolor>white</textcolor>
							<label>[B]$ADDON[service.openelec.settings 605]:[/B] $INFO[ListItem.Property(Address)]</label>
							<visible>Control.HasFocus(1300)</visible>
						</control>
						
						<!-- Connected State -->
						<control type="label">
							<left>680</left>
							<top>60</top>
							<width>220</width>
							<height>30</height>
							<font>secondary.info.light</font>
							<textcolor>white</textcolor>
							<label>$INFO[ListItem.Property(ConnectedState)]</label>
							<visible>Control.HasFocus(1300)</visible>
						</control>
						
						<!-- Connection Name -->
						<control type="label">
							<left>180</left>
							<top>10</top>
							<width>585</width>
							<height>45</height>
							<font>breadcrumb</font>
							<textcolor>$VAR[Colour.500]</textcolor>
							<info>ListItem.Label</info>
							<visible>!Control.HasFocus(1300)</visible>
						</control>
						
						<!-- Connection Address -->
						<control type="label">
							<left>180</left>
							<top>60</top>
							<width>500</width>
							<height>30</height>
							<font>secondary.info.light</font>
							<textcolor>$VAR[Colour.500]</textcolor>
							<label>$ADDON[service.openelec.settings 605]: [COLOR=text.primary]$INFO[ListItem.Property(Address)][/COLOR]</label>
							<visible>!Control.HasFocus(1300)</visible>
						</control>
						
						<!-- Connected State -->
						<control type="label">
							<left>680</left>
							<top>60</top>
							<width>220</width>
							<height>30</height>
							<font>secondary.info.light</font>
							<textcolor>$VAR[Colour.500]</textcolor>
							<label>$INFO[ListItem.Property(ConnectedState)]</label>
							<visible>!Control.HasFocus(1300)</visible>
						</control>
						
						<!-- Paired Symbol (bottom right) -->
						<control type="image">
							<left>900</left>
							<top>60</top>
							<width>30</width>
							<height>30</height>
							<aspectratio>keep</aspectratio>
							<visible>StringCompare(ListItem.Property(Paired), 1)</visible>
							<texture>openelec/Favorite.png</texture>
						</control>
						
						<!-- Trusted Symbol (bottom right) -->
						<control type="image">
							<left>945</left>
							<top>60</top>
							<width>30</width>
							<height>30</height>
							<aspectratio>keep</aspectratio>
							<visible>IntegerGreaterThan(ListItem.Property(Trusted), 0)</visible>
							<texture>openelec/Key.png</texture>
						</control>
						
					</focusedlayout>
				
				</control>
			
			</control>
			
			<control type="group">
				<visible>IsEmpty(Control.GetLabel(1500)) + IsEmpty(Control.GetLabel(1501)) + IsEmpty(Control.GetLabel(1502)) + IsEmpty(Control.GetLabel(1503)) + IsEmpty(Control.GetLabel(1504))</visible>
			
				<!--seperator-->
				<control type="image">
					<left>930</left>
					<top>720</top>
					<width>975</width>
					<height>1</height>
					<aspectratio>stretch</aspectratio>
					<texture colordiffuse="$VAR[Colour.500]">backgrounds/white.png</texture>
				</control>
				
				<!--setting description-->
				<control type="textbox" id="1400">
					<left>935</left>
					<top>727</top>
					<width>960</width>
					<height>50</height>
					<label>$INFO[Container(5533).Property(InfoText)]</label>
					<font>secondary.info.small</font>
					<align>left</align>
					<textcolor>text.primary</textcolor>
				</control>
				
			</control>
			
			<control type="button" id="1504">
				<left>1280</left>
				<top>635</top>
				<width>270</width>
				<height>60</height>
				<align>center</align>
				<aligny>center</aligny>
				<texturenofocus border="5" colordiffuse="text.primary">button-nofocus.png</texturenofocus>
				<label></label>
				<onup>1100</onup>
				<ondown>1501</ondown>
				<onleft>1501</onleft>
				<onright>1503</onright>
				<visible>!IsEmpty(Control.GetLabel(1504))</visible>
			</control>
			
			<control type="button" id="1503">
				<left>1590</left>
				<top>635</top>
				<width>270</width>
				<height>60</height>
				<align>center</align>
				<aligny>center</aligny>
				<texturenofocus border="5" colordiffuse="text.primary">button-nofocus.png</texturenofocus>
				<label></label>
				<onup>1100</onup>
				<ondown>1502</ondown>
				<onleft>1504</onleft>
				<onright>1000</onright>
				<visible>!IsEmpty(Control.GetLabel(1503))</visible>
			</control>
			
			<control type="button" id="1502">
				<left>1590</left>
				<top>705</top>
				<width>270</width>
				<height>60</height>
				<align>center</align>
				<aligny>center</aligny>
				<texturenofocus border="5" colordiffuse="text.primary">button-nofocus.png</texturenofocus>
				<label></label>
				<onup>1503</onup>
				<ondown>1100</ondown>
				<onleft>1501</onleft>
				<onright>1000</onright>
				<visible>!IsEmpty(Control.GetLabel(1502))</visible>
			</control>
			
			<control type="button" id="1501">
				<left>1280</left>
				<top>705</top>
				<width>270</width>
				<height>60</height>
				<align>center</align>
				<aligny>center</aligny>
				<texturenofocus border="5" colordiffuse="text.primary">button-nofocus.png</texturenofocus>
				<label></label>
				<onup>1504</onup>
				<ondown>1100</ondown>
				<onleft>1500</onleft>
				<onright>1502</onright>
				<visible>!IsEmpty(Control.GetLabel(1501))</visible>
			</control>
			
			<control type="button" id="1500">
				<left>970</left>
				<top>705</top>
				<width>270</width>
				<height>60</height>
				<align>center</align>
				<aligny>center</aligny>
				<texturenofocus border="5" colordiffuse="text.primary">button-nofocus.png</texturenofocus>
				<label></label>
				<onup>1100</onup>
				<ondown>1100</ondown>
				<onleft>1000</onleft>
				<onright>1501</onright>
				<visible>!IsEmpty(Control.GetLabel(1500))</visible>
			</control>
			
		</control>
		
	</controls>
	
</window>
