<?xml version="1.0" encoding="UTF-8"?>

<includes>

	<include name="EventListView">
		
		<!--all content-->
		<control type="group">
		
			<visible>Control.IsVisible(570)</visible>
			<include>VisibleFadeEffect</include>
			
			<!--content list-->
			<control type="list" id="570">
				<left>220</left>
				<top>200</top>
				<width>1004</width>
				<height>700</height>
				<onleft>2</onleft>
				<onright>60</onright>
				<onup>570</onup>
				<ondown>570</ondown>
				<viewtype label="535">list</viewtype>
				<pagecontrol>60</pagecontrol>
				<scrolltime>200</scrolltime>
				
				<itemlayout height="100" width="1004">
				
					<!--background-->
					<control type="image">
						<left>4</left>
						<top>0</top>
						<width>1000</width>
						<height>90</height>
						<texture colordiffuse="button.nf">backgrounds/white.png</texture>
					</control>
					
					<!--event name-->
					<control type="label">
						<left>19</left>
						<top>0</top>
						<width>800</width>
						<height>50</height>
						<font>label</font>
						<textcolor>white</textcolor>
						<selectedcolor>$VAR[Colour.500]</selectedcolor>
						<align>left</align>
						<aligny>center</aligny>
						<label>$INFO[ListItem.Label]</label>
					</control>
					
					<!--date time-->
					<control type="textbox">
						<left>835</left>
						<top>0</top>
						<width>150</width>
						<height>90</height>
						<font>secondary.info</font>
						<textcolor>white</textcolor>
						<selectedcolor>$VAR[Colour.500]</selectedcolor>
						<align>right</align>
						<aligny>center</aligny>
						<label>$INFO[ListItem.Label2]</label>
					</control>
					
					<!--event info-->
					<control type="textbox">
						<left>19</left>
						<top>35</top>
						<width>800</width>
						<height>50</height>
						<font>secondary.info.small</font>
						<textcolor>white</textcolor>
						<selectedcolor>$VAR[Colour.500]</selectedcolor>
						<align>left</align>
						<aligny>center</aligny>
						<label>$INFO[ListItem.Property(Event.Description)]</label>
					</control>
					
				</itemlayout>
				
				<focusedlayout height="100" width="1004">
				
					<!--background-->
					<control type="image">
						<left>4</left>
						<top>0</top>
						<width>1000</width>
						<height>90</height>
						<texture colordiffuse="tertiary">backgrounds/white.png</texture>
						<animation effect="fade" start="100" end="75" time="200" condition="Control.HasFocus(60)">Conditional</animation>
					</control>
				
					<!--background strip-->
					<control type="image">
						<left>0</left>
						<top>0</top>
						<width>4</width>
						<height>90</height>
						<texture colordiffuse="$VAR[Colour.500]">backgrounds/white.png</texture>
						<animation effect="fade" start="100" end="75" time="200" condition="Control.HasFocus(60)">Conditional</animation>
					</control>
					
					<!--event name-->
					<control type="label">
						<left>19</left>
						<top>0</top>
						<width>800</width>
						<height>50</height>
						<font>label</font>
						<textcolor>text.primary</textcolor>
						<selectedcolor>$VAR[Colour.500]</selectedcolor>
						<align>left</align>
						<aligny>center</aligny>
						<label>$INFO[ListItem.Label]</label>
					</control>
					
					<!--date time-->
					<control type="textbox">
						<left>835</left>
						<top>0</top>
						<width>150</width>
						<height>90</height>
						<font>secondary.info</font>
						<textcolor>text.primary</textcolor>
						<selectedcolor>$VAR[Colour.500]</selectedcolor>
						<align>right</align>
						<aligny>center</aligny>
						<label>$INFO[ListItem.Label2]</label>
					</control>
					
					<!--event info-->
					<control type="textbox">
						<left>19</left>
						<top>35</top>
						<width>800</width>
						<height>50</height>
						<font>secondary.info.small</font>
						<textcolor>text.primary</textcolor>
						<selectedcolor>$VAR[Colour.500]</selectedcolor>
						<align>left</align>
						<aligny>center</aligny>
						<label>$INFO[ListItem.Property(Event.Description)]</label>
					</control>
					
				</focusedlayout>
				
			</control>
			
			<!--thumb (fallback)-->
			<control type="image">
				<left>1241</left>
				<top>190</top>
				<width>480</width>
				<height>710</height>
				<aspectratio aligny="top">keep</aspectratio>
				<texture colordiffuse="$VAR[Colour.500]" background="true">$VAR[PosterThumb]</texture>
				<bordertexture>backgrounds/poster shadow fb.png</bordertexture>
				<bordersize>10</bordersize>
				<visible>SubString(ListItem.Icon,default)</visible>
			</control>
			
			<!--thumb (no fallback)-->
			<control type="image">
				<left>1241</left>
				<top>190</top>
				<width>480</width>
				<height>710</height>
				<aspectratio aligny="top">keep</aspectratio>
				<texture background="true">$VAR[PosterThumb]</texture>
				<bordertexture>backgrounds/poster shadow.png</bordertexture>
				<bordersize>10</bordersize>
				<visible>!SubString(ListItem.Icon,default)</visible>
			</control>
			
			<!--scrollbar-->
			<control type="scrollbar" id="60">
				<left>1234</left>
				<top>200</top>
				<onleft>570</onleft>
				<onright>2</onright>
				<orientation>vertical</orientation>
			</control>
			
		</control>
		
	</include>
	
	<include name="EventBigListView">
	
		<!--all content-->
		<control type="group">
		
			<visible>Control.IsVisible(571)</visible>
			<include>VisibleFadeEffect</include>
			
			<!--content list-->
			<control type="list" id="571">
				<left>220</left>
				<top>200</top>
				<width>1474</width>
				<height>700</height>
				<onleft>2</onleft>
				<onright>60</onright>
				<onup>571</onup>
				<ondown>571</ondown>
				<viewtype label="537">list</viewtype>
				<pagecontrol>60</pagecontrol>
				<scrolltime>200</scrolltime>
				
				<itemlayout height="100" width="1474">
				
					<!--background-->
					<control type="image">
						<left>4</left>
						<top>0</top>
						<width>1470</width>
						<height>90</height>
						<texture colordiffuse="button.nf">backgrounds/white.png</texture>
					</control>
				
					<!--thumb (fallback)-->
					<control type="image">
						<left>11</left>
						<top>7</top>
						<width>76</width>
						<height>76</height>
						<texture colordiffuse="white">$INFO[ListItem.Icon,default small/,]</texture>
						<aspectratio align="center" aligny="center">keep</aspectratio>
						<visible>SubString(ListItem.Icon,default)</visible>
					</control>
				
					<!--thumb (no fallback)-->
					<control type="image">
						<left>6</left>
						<top>2</top>
						<width>86</width>
						<height>86</height>
						<texture>$INFO[ListItem.Icon]</texture>
						<aspectratio align="center" aligny="center">keep</aspectratio>
						<visible>!SubString(ListItem.Icon,default)</visible>
					</control>
					
					<!--event name-->
					<control type="label">
						<left>100</left>
						<top>0</top>
						<width>1200</width>
						<height>50</height>
						<font>label</font>
						<textcolor>white</textcolor>
						<selectedcolor>$VAR[Colour.500]</selectedcolor>
						<align>left</align>
						<aligny>center</aligny>
						<label>$INFO[ListItem.Label]</label>
					</control>
					
					<!--date time-->
					<control type="textbox">
						<left>1305</left>
						<top>0</top>
						<width>150</width>
						<height>90</height>
						<font>secondary.info</font>
						<textcolor>white</textcolor>
						<selectedcolor>$VAR[Colour.500]</selectedcolor>
						<align>right</align>
						<aligny>center</aligny>
						<label>$INFO[ListItem.Label2]</label>
					</control>
					
					<!--event info-->
					<control type="textbox">
						<left>100</left>
						<top>35</top>
						<width>1200</width>
						<height>50</height>
						<font>secondary.info.small</font>
						<textcolor>white</textcolor>
						<selectedcolor>$VAR[Colour.500]</selectedcolor>
						<align>left</align>
						<aligny>center</aligny>
						<label>$INFO[ListItem.Property(Event.Description)]</label>
					</control>
					
				</itemlayout>
				
				<focusedlayout height="100" width="1474">
				
					<!--background-->
					<control type="image">
						<left>4</left>
						<top>0</top>
						<width>1470</width>
						<height>90</height>
						<texture colordiffuse="tertiary">backgrounds/white.png</texture>
						<animation effect="fade" start="100" end="75" time="200" condition="Control.HasFocus(60)">Conditional</animation>
					</control>
				
					<!--background strip-->
					<control type="image">
						<left>0</left>
						<top>0</top>
						<width>4</width>
						<height>90</height>
						<texture colordiffuse="$VAR[Colour.500]">backgrounds/white.png</texture>
						<animation effect="fade" start="100" end="75" time="200" condition="Control.HasFocus(60)">Conditional</animation>
					</control>
				
					<!--thumb (fallback)-->
					<control type="image">
						<left>11</left>
						<top>7</top>
						<width>76</width>
						<height>76</height>
						<texture colordiffuse="text.primary">$INFO[ListItem.Icon,default small/,]</texture>
						<aspectratio align="center" aligny="center">keep</aspectratio>
						<visible>SubString(ListItem.Icon,Default)</visible>
					</control>
				
					<!--thumb (no fallback)-->
					<control type="image">
						<left>6</left>
						<top>2</top>
						<width>86</width>
						<height>86</height>
						<texture>$INFO[ListItem.Icon]</texture>
						<aspectratio align="center" aligny="center">keep</aspectratio>
						<visible>!SubString(ListItem.Icon,default)</visible>
					</control>
					
					<!--event name-->
					<control type="label">
						<left>100</left>
						<top>0</top>
						<width>1200</width>
						<height>50</height>
						<font>label</font>
						<textcolor>text.primary</textcolor>
						<selectedcolor>$VAR[Colour.500]</selectedcolor>
						<align>left</align>
						<aligny>center</aligny>
						<label>$INFO[ListItem.Label]</label>
					</control>
					
					<!--date time-->
					<control type="textbox">
						<left>1305</left>
						<top>0</top>
						<width>150</width>
						<height>90</height>
						<font>secondary.info</font>
						<textcolor>text.primary</textcolor>
						<selectedcolor>$VAR[Colour.500]</selectedcolor>
						<align>right</align>
						<aligny>center</aligny>
						<label>$INFO[ListItem.Label2]</label>
					</control>
					
					<!--event info-->
					<control type="textbox">
						<left>100</left>
						<top>35</top>
						<width>1200</width>
						<height>50</height>
						<font>secondary.info.small</font>
						<textcolor>text.primary</textcolor>
						<selectedcolor>$VAR[Colour.500]</selectedcolor>
						<align>left</align>
						<aligny>center</aligny>
						<label>$INFO[ListItem.Property(Event.Description)]</label>
					</control>
					
				</focusedlayout>
				
			</control>
			
			<!--scrollbar-->
			<control type="scrollbar" id="60">
				<left>1704</left>
				<top>200</top>
				<onleft>50</onleft>
				<onright>2</onright>
				<orientation>vertical</orientation>
			</control>
			
		</control>
		
	</include>

</includes>