<?xml version="1.0" encoding="UTF-8"?>

<includes>

	<!-- ID: 10 -->
	<include name="PVRGuideViewTimeline">
	
		<control type="group">
			<description>TV Guide Timeline</description>
			<visible>Control.IsVisible(10)</visible>
			<include>VisibleFadeEffect</include>
			
			<animation effect="slide" start="0,0" end="0,-50" time="0" condition="Player.HasMedia + IsEmpty(Window(videolibrary).Property(PlayingBackgroundMedia))">Conditional</animation>
			
			<!--main content-->
			<control type="group">
				<top>205</top>
				<left>-265</left>

				<!--background glow-->
				<control type="image">
					<left>495</left>
					<top>-40</top>
					<width>1470</width>
					<height>1140</height>
					<texture>backgrounds/settings bg.png</texture>
				</control>

				<!--background-->
				<control type="image">
					<left>535</left>
					<top>0</top>
					<width>1390</width>
					<height>783</height>
					<texture colordiffuse="tertiary">backgrounds/white.png</texture>
				</control>
					
				<!--title background-->
				<control type="image">
					<left>535</left>
					<top>0</top>
					<width>1390</width>
					<height>60</height>
					<texture background="true" colordiffuse="$VAR[Colour.500]">backgrounds/white.png</texture>
				</control>

				<!--side bar-->
				<control type="image">
					<left>535</left>
					<top>60</top>
					<width>375</width>
					<height>723</height>
					<texture background="true" colordiffuse="$VAR[Colour.900]">backgrounds/white.png</texture>
				</control>

				<!--side blade shadow-->
				<control type="image">
					<left>909</left>
					<top>60</top>
					<width>20</width>
					<height>723</height>
					<texture>sidebarshadow.png</texture>
					<animation effect="fade" start="100" end="75" time="0" condition="true">Conditional</animation>
				</control>
				
				<!--title shadow-->
				<control type="image">
					<left>535</left>
					<top>60</top>
					<width>1390</width>
					<height>20</height>
					<texture>homeshadow.png</texture>
					<animation effect="fade" start="100" end="75" time="0" condition="true">Conditional</animation>
				</control>
				
				<!--seperator-->
				<control type="image">
					<left>930</left>
					<top>655</top>
					<width>975</width>
					<height>1</height>
					<aspectratio>stretch</aspectratio>
					<texture colordiffuse="$VAR[Colour.500]">backgrounds/white.png</texture>
				</control>

			</control>
			
			<control type="epggrid" id="10">
				<viewtype label="19032">list</viewtype>
				<description>EPG Grid</description>
				<left>272</left>
				<top>205</top>
				<width>1385</width>
				<height>646</height>
				<pagecontrol>10</pagecontrol>
				<scrolltime>350</scrolltime>
				<timeblocks>30</timeblocks>
				<rulerunit>6</rulerunit>

				<onleft>101</onleft>
				<onright>101</onright>
				<onup>10</onup>
				<ondown>10</ondown>
				<onback>101</onback>
				
				<rulerlayout height="70" width="60">
				
					<control type="label" id="2">
						<left>5</left>
						<top>-5</top>
						<width>51</width>
						<height>70</height>
						<font>label</font>
						<textcolor>white</textcolor>
						<aligny>center</aligny>
						<selectedcolor>$VAR[Colour.500]</selectedcolor>
						<align>left</align>
						<label>$INFO[ListItem.Label]</label>
					</control>
					
				</rulerlayout>
				
				<channellayout height="72" width="375">
				
					<control type="label">
						<left>23</left>
						<top>8</top>
						<width>60</width>
						<height>52</height>
						<font>label</font>
						<align>left</align>
						<aligny>center</aligny>
						<textcolor>white</textcolor>
						<selectedcolor>white</selectedcolor>
						<info>ListItem.ChannelNumber</info>
					</control>
					
					
					<control type="label" id="1">
						<left>93</left>
						<top>0</top>
						<width>255</width>
						<height>72</height>
						<font>label</font>
						<aligny>center</aligny>
						<textcolor>white</textcolor>
						<selectedcolor>$VAR[Colour.Alt]</selectedcolor>
						<align>left</align>
						<label>$INFO[ListItem.ChannelName]</label>
					</control>
					
				</channellayout>
				
				<focusedchannellayout height="72" width="375">
					
					<control type="image">
						<left>8</left>
						<top>0</top>
						<width>355</width>
						<height>72</height>
						<texture>backgrounds/white.png</texture>
						<include>VisibleFadeEffect</include>
						<animation effect="fade" start="100" end="75" time="0" condition="!Control.HasFocus(10)">Conditional</animation>
					</control>
					
					<control type="label">
						<left>23</left>
						<top>8</top>
						<width>60</width>
						<height>52</height>
						<font>label</font>
						<align>left</align>
						<aligny>center</aligny>
						<textcolor>$VAR[Colour.500]</textcolor>
						<selectedcolor>$VAR[Colour.500]</selectedcolor>
						<info>ListItem.ChannelNumber</info>
					</control>
					
					<control type="label" id="1">
						<left>93</left>
						<top>0</top>
						<width>255</width>
						<height>72</height>
						<font>label</font>
						<aligny>center</aligny>
						<textcolor>$VAR[Colour.500]</textcolor>
						<selectedcolor>$VAR[Colour.500]</selectedcolor>
						<align>left</align>
						<label>$INFO[ListItem.ChannelName]</label>
					</control>
					
				</focusedchannellayout>
				
				<itemlayout height="72" width="60">
				
					<control type="image" id="2">
						<width>58</width>
						<height>70</height>
						<left>0</left>
						<top>0</top>
						<aspectratio>stretch</aspectratio>
						<texture colordiffuse="$VAR[Colour.900]">backgrounds/white.png</texture>
						<animation effect="fade" start="100" end="25" time="0" condition="true">Conditional</animation>
					</control>
					
					<control type="label" id="1">
						<left>10</left>
						<top>4</top>
						<width>38</width>
						<height>38</height>
						<font>label</font>
						<aligny>center</aligny>
						<textcolor>text.primary</textcolor>
						<selectedcolor>$VAR[Colour.500]</selectedcolor>
						<align>left</align>
						<info>ListItem.Label</info>
					</control>
					
					<control type="image">
						<left>9</left>
						<top>42</top>
						<width>36</width>
						<height>24</height>
						<texture>PVR-IsRecording.png</texture>
						<visible>ListItem.IsRecording</visible>
					</control>
					
					<control type="image">
						<left>9</left>
						<top>42</top>
						<width>24</width>
						<height>24</height>
						<texture>PVR-HasTimer.png</texture>
						<visible>ListItem.HasTimer + !ListItem.IsRecording</visible>
					</control>
					
					<control type="image">
						<left>9</left>
						<top>42</top>
						<width>24</width>
						<height>24</height>
						<texture>PVR-HasRecording.png</texture>
						<visible>ListItem.HasRecording + !ListItem.IsRecording + !ListItem.HasTimer</visible>
					</control>
					
				</itemlayout>
				
				<focusedlayout height="72" width="60">
					
					<control type="image" id="2">
						<width>58</width>
						<height>70</height>
						<left>0</left>
						<top>0</top>
						<aspectratio>stretch</aspectratio>
						<texture colordiffuse="$VAR[Colour.500]">backgrounds/white.png</texture>
					</control>
					
					<control type="label" id="1">
						<left>10</left>
						<top>4</top>
						<width>38</width>
						<height>38</height>
						<font>label</font>
						<aligny>center</aligny>
						<textcolor>white</textcolor>
						<selectedcolor>$VAR[Colour.500]</selectedcolor>
						<align>left</align>
						<info>ListItem.Label</info>
					</control>
					
					<control type="image">
						<left>9</left>
						<top>42</top>
						<width>36</width>
						<height>24</height>
						<texture>PVR-IsRecording.png</texture>
						<visible>ListItem.IsRecording</visible>
					</control>
					
					<control type="image">
						<left>9</left>
						<top>42</top>
						<width>24</width>
						<height>24</height>
						<texture>PVR-HasTimer.png</texture>
						<visible>ListItem.HasTimer + !ListItem.IsRecording</visible>
					</control>
					
					<control type="image">
						<left>9</left>
						<top>42</top>
						<width>24</width>
						<height>24</height>
						<texture>PVR-HasRecording.png</texture>
						<visible>ListItem.HasRecording + !ListItem.IsRecording + !ListItem.HasTimer</visible>
					</control>
					
				</focusedlayout>
				
			</control>
			
			<control type="group">
			
				<visible>!IsEmpty(ListItem.Label)</visible>
				<left>240</left>
				<top>860</top>
				
				<control type="image">
					<left>95</left>
					<top>10</top>
					<width>240</width>
					<height>110</height>
					<texture background="true">$INFO[ListItem.Icon]</texture>
					<aspectratio align="center" aligny="center">keep</aspectratio>
				</control>
				
				<control type="label">
					<left>420</left>
					<top>5</top>
					<width>1260</width>
					<height>30</height>
					<label>[B]$INFO[ListItem.Label][/B]</label>
					<font>kai.primary</font>
					<textcolor>text.primary</textcolor>
				</control>
				
				<control type="label">
					<left>420</left>
					<top>37</top>
					<width>1260</width>
					<height>30</height>
					<label>$INFO[ListItem.StartTime]$INFO[ListItem.EndTime, - ]$INFO[ListItem.Genre, • ]</label>
					<font>secondary.info.light</font>
					<textcolor>text.primary</textcolor>
				</control>
				
				<control type="textbox">
					<description>Plot value</description>
					<left>420</left>
					<top>72</top>
					<width>985</width>
					<height>48</height>
					<font>kai.secondary</font>
					<align>justify</align>
					<textcolor>text.primary</textcolor>
					<autoscroll delay="10000" time="3000" repeat="6000">true</autoscroll>
					<label>$INFO[ListItem.Plot]</label>
				</control>
				
			</control>
			
		</control>
		
	</include>
	
	<!-- ID: 11 -->
	<include name="PVRGuideViewNow">

		<control type="group">
			<description>TV Guide Now</description>
			<visible>Control.IsVisible(11)</visible>
			<include>VisibleFadeEffect</include>

			<control type="group">
				<left>135</left>
				<top>200</top>

				<!--title background-->
				<control type="image">
					<left>4</left>
					<top>0</top>
					<width>1650</width>
					<height>60</height>
					<texture background="true" colordiffuse="$VAR[Colour.500]">backgrounds/white.png</texture>
				</control>

				<control type="label">
					<description>Time label</description>
					<left>0</left>
					<top>0</top>
					<width>150</width>
					<height>60</height>
					<font>button.bold</font>
					<textcolor>white</textcolor>
					<align>center</align>
					<aligny>center</aligny>
					<label>555</label>
				</control>

				<control type="label">
					<description>Channel label</description>
					<left>150</left>
					<top>0</top>
					<width>375</width>
					<height>60</height>
					<font>button.bold</font>
					<textcolor>white</textcolor>
					<align>center</align>
					<aligny>center</aligny>
					<label>19148</label>
				</control>

				<control type="label">
					<description>Title</description>
					<left>525</left>
					<top>0</top>
					<width>825</width>
					<height>60</height>
					<font>button.bold</font>
					<textcolor>white</textcolor>
					<align>center</align>
					<aligny>center</aligny>
					<label>369</label>
				</control>

				<control type="label">
					<description>Status header label</description>
					<left>1440</left>
					<top>0</top>
					<width>210</width>
					<height>60</height>
					<font>button.bold</font>
					<textcolor>white</textcolor>
					<align>center</align>
					<aligny>center</aligny>
					<label>126</label>
				</control>

				<control type="list" id="11">
					<viewtype label="19030">list</viewtype>
					<left>0</left>
					<top>70</top>
					<width>1654</width>
					<height>650</height>
					<onup>11</onup>
					<ondown>11</ondown>
					<onleft>101</onleft>
					<onright>76</onright>
					<pagecontrol>76</pagecontrol>
					<scrolltime>200</scrolltime>
					
					<itemlayout height="70">

						<!--background-->
						<control type="image">
							<left>4</left>
							<top>0</top>
							<width>1650</width>
							<height>60</height>
							<texture background="true" colordiffuse="button.nf">backgrounds/white.png</texture>
						</control>

						<control type="label">
							<left>0</left>
							<top>0</top>
							<width>150</width>
							<height>60</height>
							<font>label</font>
							<align>center</align>
							<aligny>center</aligny>
							<textcolor>white</textcolor>
							<selectedcolor>$VAR[Colour.500]</selectedcolor>
							<info>ListItem.StartTime</info>
						</control>
						
						<control type="image">
							<left>165</left>
							<top>8</top>
							<width>45</width>
							<height>45</height>
							<info>ListItem.Icon</info>
							<aspectratio>keep</aspectratio>
						</control>
						
						<control type="label">
							<left>225</left>
							<top>0</top>
							<width>285</width>
							<height>60</height>
							<font>label</font>
							<align>left</align>
							<aligny>center</aligny>
							<textcolor>white</textcolor>
							<selectedcolor>$VAR[Colour.500]</selectedcolor>
							<info>ListItem.ChannelName</info>
						</control>
						
						<control type="label">
							<left>540</left>
							<top>0</top>
							<width>885</width>
							<height>60</height>
							<font>label</font>
							<align>left</align>
							<aligny>center</aligny>
							<textcolor>white</textcolor>
							<selectedcolor>$VAR[Colour.500]</selectedcolor>
							<info>ListItem.Label</info>
						</control>
						
						<control type="image">
							<left>1455</left>
							<top>15</top>
							<width>45</width>
							<height>30</height>
							<texture colordiffuse="$VAR[Colour.500]">PVR-IsRecording.png</texture>
							<aspectratio>keep</aspectratio>
							<visible>ListItem.IsRecording</visible>
						</control>
						
						<control type="label">
							<left>1508</left>
							<top>0</top>
							<width>120</width>
							<height>60</height>
							<font>secondary.info.light</font>
							<align>left</align>
							<aligny>center</aligny>
							<textcolor>white</textcolor>
							<selectedcolor>$VAR[Colour.500]</selectedcolor>
							<label>19043</label>
							<visible>ListItem.IsRecording</visible>
						</control>
						
						<control type="image">
							<left>1455</left>
							<top>15</top>
							<width>30</width>
							<height>30</height>
							<texture>PVR-HasTimer.png</texture>
							<aspectratio>keep</aspectratio>
							<visible>ListItem.HasTimer + !ListItem.IsRecording</visible>
						</control>
						
						<control type="label">
							<left>1500</left>
							<top>0</top>
							<width>120</width>
							<height>60</height>
							<font>secondary.info.light</font>
							<align>left</align>
							<aligny>center</aligny>
							<textcolor>white</textcolor>
							<selectedcolor>$VAR[Colour.500]</selectedcolor>
							<label>31510</label>
							<visible>ListItem.HasTimer + !ListItem.IsRecording</visible>
						</control>
						
					</itemlayout>
					
					<focusedlayout height="160">
						
						<!--background-->
						<control type="image">
							<left>4</left>
							<top>0</top>
							<width>1650</width>
							<height>150</height>
							<texture background="true" colordiffuse="tertiary">backgrounds/white.png</texture>
							<animation effect="fade" start="100" end="75" time="0" condition="!Control.HasFocus(11)">Conditional</animation>
						</control>
						
						<!--background nib-->
						<control type="image">
							<left>0</left>
							<top>0</top>
							<width>4</width>
							<height>150</height>
							<texture background="true" colordiffuse="$VAR[Colour.500]">backgrounds/white.png</texture>
							<animation effect="fade" start="100" end="75" time="0" condition="!Control.HasFocus(11)">Conditional</animation>
						</control>

						<control type="image">
							<left>150</left>
							<top>0</top>
							<width>375</width>
							<height>60</height>
							<texture background="true" colordiffuse="$VAR[Colour.900]">backgrounds/white.png</texture>
							<animation effect="fade" start="100" end="75" time="0" condition="!Control.HasFocus(11)">Conditional</animation>
						</control>
						
						<control type="image">
							<left>1440</left>
							<top>0</top>
							<width>214</width>
							<height>60</height>
							<texture background="true" colordiffuse="$VAR[Colour.900]">backgrounds/white.png</texture>
							<animation effect="fade" start="100" end="75" time="0" condition="!Control.HasFocus(11)">Conditional</animation>
						</control>
						
						<control type="label">
							<left>0</left>
							<top>0</top>
							<width>150</width>
							<height>60</height>
							<font>label</font>
							<align>center</align>
							<aligny>center</aligny>
							<textcolor>text.primary</textcolor>
							<selectedcolor>$VAR[Colour.500]</selectedcolor>
							<info>ListItem.StartTime</info>
						</control>
						
						<control type="image">
							<left>165</left>
							<top>8</top>
							<width>45</width>
							<height>45</height>
							<info>ListItem.Icon</info>
							<aspectratio>keep</aspectratio>
						</control>
						
						<control type="label">
							<left>225</left>
							<top>0</top>
							<width>285</width>
							<height>52</height>
							<font>label</font>
							<align>left</align>
							<aligny>center</aligny>
							<textcolor>white</textcolor>
							<selectedcolor>$VAR[Colour.500]</selectedcolor>
							<info>ListItem.ChannelName</info>
						</control>
						
						<control type="label">
							<left>540</left>
							<top>0</top>
							<width>885</width>
							<height>52</height>
							<font>label</font>
							<align>left</align>
							<aligny>center</aligny>
							<textcolor>text.primary</textcolor>
							<selectedcolor>$VAR[Colour.500]</selectedcolor>
							<info>ListItem.Label</info>
						</control>
						
						<control type="textbox">
							<description>Plot Value for TVShow</description>
							<left>75</left>
							<top>62</top>
							<width>1500</width>
							<height>80</height>
							<font>secondary.info</font>
							<align>justify</align>
							<textcolor>text.primary</textcolor>
							<pagecontrol>-</pagecontrol>
							<label>$INFO[ListItem.Plot]</label>
						</control>
						
						<control type="image">
							<left>1455</left>
							<top>15</top>
							<width>45</width>
							<height>30</height>
							<texture>PVR-IsRecording.png</texture>
							<aspectratio>keep</aspectratio>
							<visible>ListItem.IsRecording</visible>
						</control>
						
						<control type="label">
							<left>1508</left>
							<top>0</top>
							<width>120</width>
							<height>60</height>
							<font>secondary.info.light</font>
							<align>left</align>
							<aligny>center</aligny>
							<textcolor>white</textcolor>
							<selectedcolor>$VAR[Colour.500]</selectedcolor>
							<label>19043</label>
							<visible>ListItem.IsRecording</visible>
						</control>
						
						<control type="image">
							<left>1455</left>
							<top>15</top>
							<width>30</width>
							<height>30</height>
							<texture>PVR-HasTimer.png</texture>
							<aspectratio>keep</aspectratio>
							<visible>ListItem.HasTimer + !ListItem.IsRecording</visible>
						</control>
						
						<control type="label">
							<left>1500</left>
							<top>0</top>
							<width>120</width>
							<height>60</height>
							<font>secondary.info.light</font>
							<align>left</align>
							<aligny>center</aligny>
							<textcolor>white</textcolor>
							<selectedcolor>$VAR[Colour.500]</selectedcolor>
							<label>31510</label>
							<visible>ListItem.HasTimer + !ListItem.IsRecording</visible>
						</control>
						
					</focusedlayout>
					
				</control>
				
				<!--scrollbar-->
				<control type="scrollbar" id="76">
					<left>1664</left>
					<top>70</top>
					<height>640</height>
					<onleft>11</onleft>
					<onright>101</onright>
					<orientation>vertical</orientation>
				</control>
				
			</control>
			
			<control type="group">
				
				<control type="image">
					<left>64</left>
					<top>94r</top>
					<width>280</width>
					<height>34</height>
					<texture colordiffuse="tertiary">backgrounds/white.png</texture>
				</control>
			
				<control type="image">
					<left>60</left>
					<top>94r</top>
					<width>4</width>
					<height>34</height>
					<texture colordiffuse="$VAR[Colour.500]">backgrounds/white.png</texture>
				</control>

				<control type="label">
					<description>Page Count Label</description>
					<left>73</left>
					<top>94r</top>
					<width>750</width>
					<height>34</height>
					<font>breadcrumb.secondary</font>
					<textcolor>text.primary</textcolor>
					<scroll>false</scroll>
					<align>left</align>
					<aligny>center</aligny>
					<label>$INFO[Container(11).NumItems] $LOCALIZE[31025] [COLOR=$VAR[Colour.500]]$INFO[Container(11).CurrentPage, $LOCALIZE[31024] ]$INFO[Container(11).NumPages,/,][/COLOR]</label>
					<include>Window_OpenClose_Animation</include>
				</control>
				
			</control>
			
		</control>

	</include>
	<!-- ID: 12 -->
	<include name="PVRGuideViewNext">

		<control type="group">
			<description>TV Guide Now</description>
			<visible>Control.IsVisible(12)</visible>
			<include>VisibleFadeEffect</include>

			<control type="group">
				<left>135</left>
				<top>200</top>

				<!--title background-->
				<control type="image">
					<left>4</left>
					<top>0</top>
					<width>1650</width>
					<height>60</height>
					<texture background="true" colordiffuse="$VAR[Colour.500]">backgrounds/white.png</texture>
				</control>

				<control type="label">
					<description>Time label</description>
					<left>0</left>
					<top>0</top>
					<width>150</width>
					<height>60</height>
					<font>button.bold</font>
					<textcolor>white</textcolor>
					<align>center</align>
					<aligny>center</aligny>
					<label>555</label>
				</control>

				<control type="label">
					<description>Channel label</description>
					<left>150</left>
					<top>0</top>
					<width>375</width>
					<height>60</height>
					<font>button.bold</font>
					<textcolor>white</textcolor>
					<align>center</align>
					<aligny>center</aligny>
					<label>19148</label>
				</control>

				<control type="label">
					<description>Title</description>
					<left>525</left>
					<top>0</top>
					<width>825</width>
					<height>60</height>
					<font>button.bold</font>
					<textcolor>white</textcolor>
					<align>center</align>
					<aligny>center</aligny>
					<label>369</label>
				</control>

				<control type="label">
					<description>Status header label</description>
					<left>1440</left>
					<top>0</top>
					<width>210</width>
					<height>60</height>
					<font>button.bold</font>
					<textcolor>white</textcolor>
					<align>center</align>
					<aligny>center</aligny>
					<label>126</label>
				</control>

				<control type="list" id="12">
					<viewtype label="19031">list</viewtype>
					<left>0</left>
					<top>70</top>
					<width>1654</width>
					<height>650</height>
					<onup>12</onup>
					<ondown>12</ondown>
					<onleft>101</onleft>
					<onright>76</onright>
					<pagecontrol>76</pagecontrol>
					<scrolltime>200</scrolltime>
					
					<itemlayout height="70">

						<!--background-->
						<control type="image">
							<left>4</left>
							<top>0</top>
							<width>1650</width>
							<height>60</height>
							<texture background="true" colordiffuse="button.nf">backgrounds/white.png</texture>
						</control>

						<control type="label">
							<left>0</left>
							<top>0</top>
							<width>150</width>
							<height>60</height>
							<font>label</font>
							<align>center</align>
							<aligny>center</aligny>
							<textcolor>white</textcolor>
							<selectedcolor>$VAR[Colour.500]</selectedcolor>
							<info>ListItem.StartTime</info>
						</control>
						
						<control type="image">
							<left>165</left>
							<top>8</top>
							<width>45</width>
							<height>45</height>
							<info>ListItem.Icon</info>
							<aspectratio>keep</aspectratio>
						</control>
						
						<control type="label">
							<left>225</left>
							<top>0</top>
							<width>285</width>
							<height>60</height>
							<font>label</font>
							<align>left</align>
							<aligny>center</aligny>
							<textcolor>white</textcolor>
							<selectedcolor>$VAR[Colour.500]</selectedcolor>
							<info>ListItem.ChannelName</info>
						</control>
						
						<control type="label">
							<left>540</left>
							<top>0</top>
							<width>885</width>
							<height>60</height>
							<font>label</font>
							<align>left</align>
							<aligny>center</aligny>
							<textcolor>white</textcolor>
							<selectedcolor>$VAR[Colour.500]</selectedcolor>
							<info>ListItem.Label</info>
						</control>
						
						<control type="image">
							<left>1455</left>
							<top>15</top>
							<width>45</width>
							<height>30</height>
							<texture colordiffuse="$VAR[Colour.500]">PVR-IsRecording.png</texture>
							<aspectratio>keep</aspectratio>
							<visible>ListItem.IsRecording</visible>
						</control>
						
						<control type="label">
							<left>1508</left>
							<top>0</top>
							<width>120</width>
							<height>60</height>
							<font>secondary.info.light</font>
							<align>left</align>
							<aligny>center</aligny>
							<textcolor>white</textcolor>
							<selectedcolor>$VAR[Colour.500]</selectedcolor>
							<label>19043</label>
							<visible>ListItem.IsRecording</visible>
						</control>
						
						<control type="image">
							<left>1455</left>
							<top>15</top>
							<width>30</width>
							<height>30</height>
							<texture>PVR-HasTimer.png</texture>
							<aspectratio>keep</aspectratio>
							<visible>ListItem.HasTimer + !ListItem.IsRecording</visible>
						</control>
						
						<control type="label">
							<left>1500</left>
							<top>0</top>
							<width>120</width>
							<height>60</height>
							<font>secondary.info.light</font>
							<align>left</align>
							<aligny>center</aligny>
							<textcolor>white</textcolor>
							<selectedcolor>$VAR[Colour.500]</selectedcolor>
							<label>31510</label>
							<visible>ListItem.HasTimer + !ListItem.IsRecording</visible>
						</control>
						
					</itemlayout>
					
					<focusedlayout height="160">
						
						<!--background-->
						<control type="image">
							<left>4</left>
							<top>0</top>
							<width>1650</width>
							<height>150</height>
							<texture background="true" colordiffuse="tertiary">backgrounds/white.png</texture>
							<animation effect="fade" start="100" end="75" time="0" condition="!Control.HasFocus(12)">Conditional</animation>
						</control>
						
						<!--background nib-->
						<control type="image">
							<left>0</left>
							<top>0</top>
							<width>4</width>
							<height>150</height>
							<texture background="true" colordiffuse="$VAR[Colour.500]">backgrounds/white.png</texture>
							<animation effect="fade" start="100" end="75" time="0" condition="!Control.HasFocus(12)">Conditional</animation>
						</control>

						<control type="image">
							<left>150</left>
							<top>0</top>
							<width>375</width>
							<height>60</height>
							<texture background="true" colordiffuse="$VAR[Colour.900]">backgrounds/white.png</texture>
							<animation effect="fade" start="100" end="75" time="0" condition="!Control.HasFocus(12)">Conditional</animation>
						</control>
						
						<control type="image">
							<left>1440</left>
							<top>0</top>
							<width>214</width>
							<height>60</height>
							<texture background="true" colordiffuse="$VAR[Colour.900]">backgrounds/white.png</texture>
							<animation effect="fade" start="100" end="75" time="0" condition="!Control.HasFocus(12)">Conditional</animation>
						</control>
						
						<control type="label">
							<left>0</left>
							<top>0</top>
							<width>150</width>
							<height>60</height>
							<font>label</font>
							<align>center</align>
							<aligny>center</aligny>
							<textcolor>text.primary</textcolor>
							<selectedcolor>$VAR[Colour.500]</selectedcolor>
							<info>ListItem.StartTime</info>
						</control>
						
						<control type="image">
							<left>165</left>
							<top>8</top>
							<width>45</width>
							<height>45</height>
							<info>ListItem.Icon</info>
							<aspectratio>keep</aspectratio>
						</control>
						
						<control type="label">
							<left>225</left>
							<top>0</top>
							<width>285</width>
							<height>52</height>
							<font>label</font>
							<align>left</align>
							<aligny>center</aligny>
							<textcolor>white</textcolor>
							<selectedcolor>$VAR[Colour.500]</selectedcolor>
							<info>ListItem.ChannelName</info>
						</control>
						
						<control type="label">
							<left>540</left>
							<top>0</top>
							<width>885</width>
							<height>52</height>
							<font>label</font>
							<align>left</align>
							<aligny>center</aligny>
							<textcolor>text.primary</textcolor>
							<selectedcolor>$VAR[Colour.500]</selectedcolor>
							<info>ListItem.Label</info>
						</control>
						
						<control type="textbox">
							<description>Plot Value for TVShow</description>
							<left>75</left>
							<top>62</top>
							<width>1500</width>
							<height>80</height>
							<font>secondary.info</font>
							<align>justify</align>
							<textcolor>text.primary</textcolor>
							<pagecontrol>-</pagecontrol>
							<label>$INFO[ListItem.Plot]</label>
						</control>
						
						<control type="image">
							<left>1455</left>
							<top>15</top>
							<width>45</width>
							<height>30</height>
							<texture>PVR-IsRecording.png</texture>
							<aspectratio>keep</aspectratio>
							<visible>ListItem.IsRecording</visible>
						</control>
						
						<control type="label">
							<left>1508</left>
							<top>0</top>
							<width>120</width>
							<height>60</height>
							<font>secondary.info.light</font>
							<align>left</align>
							<aligny>center</aligny>
							<textcolor>white</textcolor>
							<selectedcolor>$VAR[Colour.500]</selectedcolor>
							<label>19043</label>
							<visible>ListItem.IsRecording</visible>
						</control>
						
						<control type="image">
							<left>1455</left>
							<top>15</top>
							<width>30</width>
							<height>30</height>
							<texture>PVR-HasTimer.png</texture>
							<aspectratio>keep</aspectratio>
							<visible>ListItem.HasTimer + !ListItem.IsRecording</visible>
						</control>
						
						<control type="label">
							<left>1500</left>
							<top>0</top>
							<width>120</width>
							<height>60</height>
							<font>secondary.info.light</font>
							<align>left</align>
							<aligny>center</aligny>
							<textcolor>white</textcolor>
							<selectedcolor>$VAR[Colour.500]</selectedcolor>
							<label>31510</label>
							<visible>ListItem.HasTimer + !ListItem.IsRecording</visible>
						</control>
						
					</focusedlayout>
					
				</control>
				
				<!--scrollbar-->
				<control type="scrollbar" id="76">
					<left>1664</left>
					<top>70</top>
					<height>640</height>
					<onleft>12</onleft>
					<onright>101</onright>
					<orientation>vertical</orientation>
				</control>
				
			</control>
			
			<control type="group">
				
				<control type="image">
					<left>64</left>
					<top>94r</top>
					<width>280</width>
					<height>34</height>
					<texture colordiffuse="tertiary">backgrounds/white.png</texture>
				</control>
			
				<control type="image">
					<left>60</left>
					<top>94r</top>
					<width>4</width>
					<height>34</height>
					<texture colordiffuse="$VAR[Colour.500]">backgrounds/white.png</texture>
				</control>

				<control type="label">
					<description>Page Count Label</description>
					<left>73</left>
					<top>94r</top>
					<width>750</width>
					<height>34</height>
					<font>breadcrumb.secondary</font>
					<textcolor>text.primary</textcolor>
					<scroll>false</scroll>
					<align>left</align>
					<aligny>center</aligny>
					<label>$INFO[Container(12).NumItems] $LOCALIZE[31025] [COLOR=$VAR[Colour.500]]$INFO[Container(12).CurrentPage, $LOCALIZE[31024] ]$INFO[Container(12).NumPages,/,][/COLOR]</label>
					<include>Window_OpenClose_Animation</include>
				</control>
				
			</control>
			
		</control>

	</include>
	<!-- ID: 13 -->
	<include name="PVRGuideViewChannel">

		<control type="group">
			<description>TV Guide Now</description>
			<visible>Control.IsVisible(13)</visible>
			<include>VisibleFadeEffect</include>

			<control type="group">
				<left>135</left>
				<top>200</top>

				<!--title background-->
				<control type="image">
					<left>4</left>
					<top>0</top>
					<width>1650</width>
					<height>60</height>
					<texture background="true" colordiffuse="$VAR[Colour.500]">backgrounds/white.png</texture>
				</control>

				<control type="label">
					<description>Time label</description>
					<left>0</left>
					<top>0</top>
					<width>150</width>
					<height>60</height>
					<font>button.bold</font>
					<textcolor>white</textcolor>
					<align>center</align>
					<aligny>center</aligny>
					<label>555</label>
				</control>

				<control type="label">
					<description>Channel label</description>
					<left>150</left>
					<top>0</top>
					<width>375</width>
					<height>60</height>
					<font>button.bold</font>
					<textcolor>white</textcolor>
					<align>center</align>
					<aligny>center</aligny>
					<label>19148</label>
				</control>

				<control type="label">
					<description>Title</description>
					<left>525</left>
					<top>0</top>
					<width>825</width>
					<height>60</height>
					<font>button.bold</font>
					<textcolor>white</textcolor>
					<align>center</align>
					<aligny>center</aligny>
					<label>369</label>
				</control>

				<control type="label">
					<description>Status header label</description>
					<left>1440</left>
					<top>0</top>
					<width>210</width>
					<height>60</height>
					<font>button.bold</font>
					<textcolor>white</textcolor>
					<align>center</align>
					<aligny>center</aligny>
					<label>126</label>
				</control>

				<control type="list" id="13">
					<viewtype label="19029">list</viewtype>
					<left>0</left>
					<top>70</top>
					<width>1654</width>
					<height>650</height>
					<onup>13</onup>
					<ondown>13</ondown>
					<onleft>101</onleft>
					<onright>76</onright>
					<pagecontrol>76</pagecontrol>
					<scrolltime>200</scrolltime>
					
					<itemlayout height="70">

						<!--background-->
						<control type="image">
							<left>4</left>
							<top>0</top>
							<width>1650</width>
							<height>60</height>
							<texture background="true" colordiffuse="button.nf">backgrounds/white.png</texture>
						</control>

						<control type="label">
							<left>0</left>
							<top>0</top>
							<width>150</width>
							<height>60</height>
							<font>label</font>
							<align>center</align>
							<aligny>center</aligny>
							<textcolor>white</textcolor>
							<selectedcolor>$VAR[Colour.500]</selectedcolor>
							<info>ListItem.StartTime</info>
						</control>
						
						<control type="image">
							<left>165</left>
							<top>8</top>
							<width>45</width>
							<height>45</height>
							<info>ListItem.Icon</info>
							<aspectratio>keep</aspectratio>
						</control>
						
						<control type="label">
							<left>225</left>
							<top>0</top>
							<width>285</width>
							<height>60</height>
							<font>label</font>
							<align>left</align>
							<aligny>center</aligny>
							<textcolor>white</textcolor>
							<selectedcolor>$VAR[Colour.500]</selectedcolor>
							<info>ListItem.ChannelName</info>
						</control>
						
						<control type="label">
							<left>540</left>
							<top>0</top>
							<width>885</width>
							<height>60</height>
							<font>label</font>
							<align>left</align>
							<aligny>center</aligny>
							<textcolor>white</textcolor>
							<selectedcolor>$VAR[Colour.500]</selectedcolor>
							<info>ListItem.Label</info>
						</control>
						
						<control type="image">
							<left>1455</left>
							<top>15</top>
							<width>45</width>
							<height>30</height>
							<texture colordiffuse="$VAR[Colour.500]">PVR-IsRecording.png</texture>
							<aspectratio>keep</aspectratio>
							<visible>ListItem.IsRecording</visible>
						</control>
						
						<control type="label">
							<left>1508</left>
							<top>0</top>
							<width>120</width>
							<height>60</height>
							<font>secondary.info.light</font>
							<align>left</align>
							<aligny>center</aligny>
							<textcolor>white</textcolor>
							<selectedcolor>$VAR[Colour.500]</selectedcolor>
							<label>19043</label>
							<visible>ListItem.IsRecording</visible>
						</control>
						
						<control type="image">
							<left>1455</left>
							<top>15</top>
							<width>30</width>
							<height>30</height>
							<texture>PVR-HasTimer.png</texture>
							<aspectratio>keep</aspectratio>
							<visible>ListItem.HasTimer + !ListItem.IsRecording</visible>
						</control>
						
						<control type="label">
							<left>1500</left>
							<top>0</top>
							<width>120</width>
							<height>60</height>
							<font>secondary.info.light</font>
							<align>left</align>
							<aligny>center</aligny>
							<textcolor>white</textcolor>
							<selectedcolor>$VAR[Colour.500]</selectedcolor>
							<label>31510</label>
							<visible>ListItem.HasTimer + !ListItem.IsRecording</visible>
						</control>
						
					</itemlayout>
					
					<focusedlayout height="160">
						
						<!--background-->
						<control type="image">
							<left>4</left>
							<top>0</top>
							<width>1650</width>
							<height>150</height>
							<texture background="true" colordiffuse="tertiary">backgrounds/white.png</texture>
							<animation effect="fade" start="100" end="75" time="0" condition="!Control.HasFocus(13)">Conditional</animation>
						</control>
						
						<!--background nib-->
						<control type="image">
							<left>0</left>
							<top>0</top>
							<width>4</width>
							<height>150</height>
							<texture background="true" colordiffuse="$VAR[Colour.500]">backgrounds/white.png</texture>
							<animation effect="fade" start="100" end="75" time="0" condition="!Control.HasFocus(13)">Conditional</animation>
						</control>

						<control type="image">
							<left>150</left>
							<top>0</top>
							<width>375</width>
							<height>60</height>
							<texture background="true" colordiffuse="$VAR[Colour.900]">backgrounds/white.png</texture>
							<animation effect="fade" start="100" end="75" time="0" condition="!Control.HasFocus(13)">Conditional</animation>
						</control>
						
						<control type="image">
							<left>1440</left>
							<top>0</top>
							<width>214</width>
							<height>60</height>
							<texture background="true" colordiffuse="$VAR[Colour.900]">backgrounds/white.png</texture>
							<animation effect="fade" start="100" end="75" time="0" condition="!Control.HasFocus(13)">Conditional</animation>
						</control>
						
						<control type="label">
							<left>0</left>
							<top>0</top>
							<width>150</width>
							<height>60</height>
							<font>label</font>
							<align>center</align>
							<aligny>center</aligny>
							<textcolor>text.primary</textcolor>
							<selectedcolor>$VAR[Colour.500]</selectedcolor>
							<info>ListItem.StartTime</info>
						</control>
						
						<control type="image">
							<left>165</left>
							<top>8</top>
							<width>45</width>
							<height>45</height>
							<info>ListItem.Icon</info>
							<aspectratio>keep</aspectratio>
						</control>
						
						<control type="label">
							<left>225</left>
							<top>0</top>
							<width>285</width>
							<height>52</height>
							<font>label</font>
							<align>left</align>
							<aligny>center</aligny>
							<textcolor>white</textcolor>
							<selectedcolor>$VAR[Colour.500]</selectedcolor>
							<info>ListItem.ChannelName</info>
						</control>
						
						<control type="label">
							<left>540</left>
							<top>0</top>
							<width>885</width>
							<height>52</height>
							<font>label</font>
							<align>left</align>
							<aligny>center</aligny>
							<textcolor>text.primary</textcolor>
							<selectedcolor>$VAR[Colour.500]</selectedcolor>
							<info>ListItem.Label</info>
						</control>
						
						<control type="textbox">
							<description>Plot Value for TVShow</description>
							<left>75</left>
							<top>62</top>
							<width>1500</width>
							<height>80</height>
							<font>secondary.info</font>
							<align>justify</align>
							<textcolor>text.primary</textcolor>
							<pagecontrol>-</pagecontrol>
							<label>$INFO[ListItem.Plot]</label>
						</control>
						
						<control type="image">
							<left>1455</left>
							<top>15</top>
							<width>45</width>
							<height>30</height>
							<texture>PVR-IsRecording.png</texture>
							<aspectratio>keep</aspectratio>
							<visible>ListItem.IsRecording</visible>
						</control>
						
						<control type="label">
							<left>1508</left>
							<top>0</top>
							<width>120</width>
							<height>60</height>
							<font>secondary.info.light</font>
							<align>left</align>
							<aligny>center</aligny>
							<textcolor>white</textcolor>
							<selectedcolor>$VAR[Colour.500]</selectedcolor>
							<label>19043</label>
							<visible>ListItem.IsRecording</visible>
						</control>
						
						<control type="image">
							<left>1455</left>
							<top>15</top>
							<width>30</width>
							<height>30</height>
							<texture>PVR-HasTimer.png</texture>
							<aspectratio>keep</aspectratio>
							<visible>ListItem.HasTimer + !ListItem.IsRecording</visible>
						</control>
						
						<control type="label">
							<left>1500</left>
							<top>0</top>
							<width>120</width>
							<height>60</height>
							<font>secondary.info.light</font>
							<align>left</align>
							<aligny>center</aligny>
							<textcolor>white</textcolor>
							<selectedcolor>$VAR[Colour.500]</selectedcolor>
							<label>31510</label>
							<visible>ListItem.HasTimer + !ListItem.IsRecording</visible>
						</control>
						
					</focusedlayout>
					
				</control>
				
				<!--scrollbar-->
				<control type="scrollbar" id="76">
					<left>1664</left>
					<top>70</top>
					<height>640</height>
					<onleft>13</onleft>
					<onright>101</onright>
					<orientation>vertical</orientation>
				</control>
				
			</control>
			
			<control type="group">
				
				<control type="image">
					<left>64</left>
					<top>94r</top>
					<width>280</width>
					<height>34</height>
					<texture colordiffuse="tertiary">backgrounds/white.png</texture>
				</control>
			
				<control type="image">
					<left>60</left>
					<top>94r</top>
					<width>4</width>
					<height>34</height>
					<texture colordiffuse="$VAR[Colour.500]">backgrounds/white.png</texture>
				</control>

				<control type="label">
					<description>Page Count Label</description>
					<left>73</left>
					<top>94r</top>
					<width>750</width>
					<height>34</height>
					<font>breadcrumb.secondary</font>
					<textcolor>text.primary</textcolor>
					<scroll>false</scroll>
					<align>left</align>
					<aligny>center</aligny>
					<label>$INFO[Container(13).NumItems] $LOCALIZE[31025] [COLOR=$VAR[Colour.500]]$INFO[Container(13).CurrentPage, $LOCALIZE[31024] ]$INFO[Container(13).NumPages,/,][/COLOR]</label>
					<include>Window_OpenClose_Animation</include>
				</control>
				
			</control>
			
		</control>

	</include>
	
</includes>
