<?xml version="1.0" encoding="UTF-8"?>
<shortcuts>
	<shortcut>
		<label>12600</label>
		<label2>32034</label2>
		<icon>DefaultShortcut.png</icon>
		<thumb />
		<action>ActivateWindow(Weather)</action>
	</shortcut>
	<shortcut>
		<label>10002</label>
		<label2>32034</label2>
		<icon>DefaultPicture.png</icon>
		<thumb />
		<action>ActivateWindow(Pictures)</action>
	</shortcut>
	<shortcut>
		<label>32087</label>
		<label2>32034</label2>
		<icon>DefaultAudio.png</icon>
		<thumb />
		<action>ActivateWindow(RadioChannels)</action>
	</shortcut>
	<shortcut>
		<label>32022</label>
		<label2>32034</label2>
		<icon>DefaultTVShows.png</icon>
		<thumb />
		<action>ActivateWindow(TVChannels)</action>
	</shortcut>
	<shortcut>
		<label>10006</label>
		<label2>32034</label2>
		<icon>DefaultVideo.png</icon>
		<thumb />
		<action>ActivateWindow(Videos)</action>
	</shortcut>
	<shortcut>
		<label>342</label>
		<label2>32034</label2>
		<icon>DefaultMovies.png</icon>
		<thumb />
		<visible>Library.HasContent(Movies)</visible>
		<action>ActivateWindow(Videos,videodb://movies/titles/,return)</action>
	</shortcut>
	<shortcut>
		<label>20343</label>
		<label2>32034</label2>
		<icon>DefaultTVShows.png</icon>
		<thumb />
		<visible>Library.HasContent(TVShows)</visible>
		<action>ActivateWindow(Videos,videodb://tvshows/titles/,return)</action>
	</shortcut>
	<shortcut>
		<label>10005</label>
		<label2>32034</label2>
		<icon>DefaultMusicAlbums.png</icon>
		<thumb />
		<action>ActivateWindow(Music)</action>
	</shortcut>
	<shortcut>
		<label>10001</label>
		<label2>32034</label2>
		<icon>DefaultProgram.png</icon>
		<thumb />
		<action>ActivateWindow(Programs,Addons,return)</action>
	</shortcut>
    <shortcut>
            <label>Player</label>
        <label2>Player</label2>
            <icon_off>special://skin/backgrounds/power.jpg</icon_off>
            <visible>Player.HasAudio | Player.HasVideo | VideoPlayer.Content(LiveTV)</visible>
            <onclick_off>right</onclick_off>
            <onclick_off>SetFocus(301)</onclick_off>
            <action>ActivateWindow(PlayerControls)</action>
            <icon>$VAR[PlayerControlBG]</icon>
    </shortcut>
    <shortcut>
		<label>On-Board</label>
		<label2>On-Board</label2>
		<thumb />
		 <icon>special://skin/backgrounds/bordcomputer.jpg</icon>
            <thumb>$INFO[Skin.String(Home_Custom_Back_Programs_Folder)]</thumb>
            <visible>System.HasAddon(plugin.script.ibuscommunicator)</visible>
		<action>XBMC.RunScript(plugin.script.ibuscommunicator,obc)</action>
	</shortcut>
    <shortcut>
		<label>Wi-Fi</label>
		<label2>Wi-Fi</label2>
		<icon>DefaultProgram.png</icon>
		<thumb />
		<action>ActivateWindow(Programs,Addons,return)</action>
	</shortcut>
    <shortcut>
		<label>Bluetooth</label>
		<label2>Bluetooth</label2>
		<icon>DefaultProgram.png</icon>
		<thumb />
        <action>ActivateWindow(Programs,Addons,return)</action> 
	</shortcut>
	<shortcut>
		<label>32032</label>
		<label2>32034</label2>
		<icon>DefaultDVDFull.png</icon>
		<thumb />
		<action>XBMC.PlayDVD()</action>
	</shortcut>
	<shortcut>
		<label>13000</label>
		<label2>32034</label2>
		<icon>DefaultShortcut.png</icon>
		<thumb />
		<action>ActivateWindow(Settings)</action>
		<defaultID>settings</defaultID>
	</shortcut>
</shortcuts>
